year,pct_posterior,pct_lanid,pct_aimhpa,precip_julaug_in,tmax_julaug_c,tmean_julaug_c
2003,74.3222820521991,58.22250644634814,62.57778031989093,2.78,32.22222222222222,24.444444444444443
2004,59.666334533682,59.648819045975166,68.83063519707208,5.57,28.388888888888886,21.166666666666664
2005,77.27298806719429,56.036855967043984,62.249995362410814,4.95,30.944444444444443,23.5
2006,39.298969241987095,44.00777659028195,46.16503365922845,5.68,31.333333333333332,23.944444444444443
2007,68.79212778749176,65.72259082368141,75.96700739068551,6.73,31.166666666666668,24.388888888888893
2008,71.74374066592308,58.76148794294823,69.71061785922768,5.32,30.0,22.88888888888889
2009,73.17545963161906,60.13614749490876,80.08484231913575,6.74,28.055555555555557,21.0
2010,61.05626009212693,54.69271089304115,70.97753436554918,6.88,30.72222222222222,23.72222222222222
2011,50.82405818841947,54.19074664661005,75.99312079704154,7.27,31.0,24.333333333333332
2012,89.0611827214547,55.55323683959888,67.4652129309888,2.09,33.27777777777778,24.72222222222222
2013,71.6087347971099,54.92964280488874,68.2171364532518,5.11,29.88888888888889,23.055555555555557
2014,56.56456000370758,55.49000554323921,69.5228585311321,6.42,29.11111111111111,22.055555555555557
2015,63.48801793877331,55.374082864307226,79.05916251840083,6.16,29.444444444444443,22.277777777777775
2016,74.90129044441369,52.35272563980368,78.18132901062215,6.12,29.61111111111111,22.77777777777778
2017,79.81850230752691,53.1395483858045,70.02308737906307,6.95,30.0,22.722222222222225
2018,72.2936335635094,,,7.1,29.055555555555557,22.277777777777775
2019,52.54401110861917,,,9.31,29.11111111111111,22.77777777777778
2020,68.98175417849419,,,5.03,31.11111111111111,23.72222222222222
2021,75.55493046633475,,,5.38,31.055555555555557,23.72222222222222
2022,83.4132139839433,,,4.1,32.0,24.333333333333332
2023,65.270715883052,,,6.89,30.166666666666668,22.944444444444443
