year,posterior_acc,lanid_acc,aimhpa_acc,precip_julaug_in,tmax_julaug_c,tmean_julaug_c
2003,1.0,0.9523809523809524,0.9714285714285714,2.78,32.22222222222222,24.444444444444443
2004,0.9343891403,0.9541328236980412,0.979933110367893,5.57,28.388888888888886,21.166666666666664
2005,0.99543379,0.9251901944209636,0.9683009298393914,4.95,30.944444444444443,23.5
2006,0.7159090909,0.9233152594887684,0.9713400464756003,5.68,31.333333333333332,23.944444444444443
2007,0.8689655172,0.9311030142431268,0.9695263332229216,6.73,31.166666666666668,24.388888888888893
2008,0.9741468459,0.9289321789321788,0.9516594516594516,5.32,30.0,22.88888888888889
2009,0.9560283688,0.9424168694241688,0.981346309813463,6.74,28.055555555555557,21.0
2010,0.9773195876,0.8735571878279118,0.944386149003148,6.88,30.72222222222222,23.72222222222222
2011,0.625698324,0.8727015558698727,0.9877416313059876,7.27,31.0,24.333333333333332
2012,1.0,0.9663594470046084,0.964516129032258,2.09,33.27777777777778,24.72222222222222
2013,0.97875166,0.9077188443294524,0.9672272531263476,5.11,29.88888888888889,23.055555555555557
2014,0.8821292776,0.8708414872798435,0.9050880626223092,6.42,29.11111111111111,22.055555555555557
2015,0.9307535642,0.8995290423861853,0.989010989010989,6.16,29.444444444444443,22.277777777777775
