year,mean_grass_lst_c,mean_rainfed_lst_c,mean_irrigated_lst_c,precip_julaug_in
2003,36.44220801090212,36.10250034608341,30.490537772756365,2.78
2004,31.77030596105309,28.972031362964525,25.958811557752206,5.57
2005,35.88539018690274,34.55973156511688,30.36130128742123,4.95
2006,34.616970724009114,34.34850180732559,29.602392380855704,5.68
2007,35.03769421212897,,24.017681646414314,6.73
2008,33.66637048170016,32.669351645323374,28.74566056459816,5.32
2009,31.726081361764628,30.484419227826,27.592506293275893,6.74
2010,33.90725023661868,32.82940853034259,29.94150391108775,6.88
2011,33.756059382293145,32.250255143329916,29.672331339853425,7.27
2012,39.9848676348991,36.03480333553198,27.281470242977814,2.09
2013,34.583920807250834,33.63962323436105,28.991814963553086,5.11
2014,32.22058080022093,30.38193574222607,27.224022833418807,6.42
2015,31.765097576918087,30.754227423668933,27.68871726549895,6.16
2016,34.19707961588584,33.1656216974502,29.223037955663088,6.12
2017,34.98253841488387,33.82247271605889,29.641559132380273,6.95
2018,33.27680084123756,32.08605187132983,28.915414812389496,7.1
2019,31.089144789009126,29.811634970335,27.36232053096729,9.31
2020,33.9359231147565,32.652148542277935,28.848426107147603,5.03
2021,34.16667500304263,32.992632752531144,29.260043869638977,5.38
2022,37.4386919470643,37.029674086070315,31.39488345115754,4.1
2023,31.313754205258878,29.986256752960966,26.82539276391328,6.89
