state,county,year,pct_irrigated
NEBRASKA,ADAMS,2002,85.44914675767919
NEBRASKA,ADAMS,2003,85.66142014769245
NEBRASKA,ADAMS,2004,85.87369353770573
NEBRASKA,ADAMS,2005,86.085966927719
NEBRASKA,ADAMS,2006,86.29824031773228
NEBRASKA,ADAMS,2007,86.51051370774555
NEBRASKA,ADAMS,2008,85.84029761310481
NEBRASKA,ADAMS,2009,85.17008151846406
NEBRASKA,ADAMS,2010,84.49986542382332
NEBRASKA,ADAMS,2011,83.82964932918257
NEBRASKA,ADAMS,2012,83.15943323454184
NEBRASKA,ADAMS,2013,83.34966423202732
NEBRASKA,ADAMS,2014,83.53989522951281
NEBRASKA,ADAMS,2015,83.73012622699831
NEBRASKA,ADAMS,2016,83.9203572244838
NEBRASKA,ADAMS,2017,84.11058822196928
NEBRASKA,ADAMS,2018,82.00814628696114
NEBRASKA,ADAMS,2019,79.905704351953
NEBRASKA,ADAMS,2020,77.80326241694486
NEBRASKA,ADAMS,2021,75.70082048193673
NEBRASKA,ADAMS,2022,73.59837854692859
NEBRASKA,ADAMS,2023,73.59837854692859
NEBRASKA,ADAMS,2024,73.59837854692859
NEBRASKA,ANTELOPE,2002,73.20642557130532
NEBRASKA,ANTELOPE,2003,75.10178169702183
NEBRASKA,ANTELOPE,2004,76.99713782273835
NEBRASKA,ANTELOPE,2005,78.89249394845486
NEBRASKA,ANTELOPE,2006,80.78785007417137
NEBRASKA,ANTELOPE,2007,82.68320619988789
NEBRASKA,ANTELOPE,2008,82.80962399702234
NEBRASKA,ANTELOPE,2009,82.93604179415681
NEBRASKA,ANTELOPE,2010,83.06245959129126
NEBRASKA,ANTELOPE,2011,83.18887738842572
NEBRASKA,ANTELOPE,2012,83.31529518556017
NEBRASKA,ANTELOPE,2013,82.77016962737837
NEBRASKA,ANTELOPE,2014,82.22504406919656
NEBRASKA,ANTELOPE,2015,81.67991851101473
NEBRASKA,ANTELOPE,2016,81.13479295283292
NEBRASKA,ANTELOPE,2017,80.58966739465112
NEBRASKA,ANTELOPE,2018,79.07918552846208
NEBRASKA,ANTELOPE,2019,77.56870366227304
NEBRASKA,ANTELOPE,2020,76.05822179608398
NEBRASKA,ANTELOPE,2021,74.54773992989495
NEBRASKA,ANTELOPE,2022,73.0372580637059
NEBRASKA,ANTELOPE,2023,73.0372580637059
NEBRASKA,ANTELOPE,2024,73.0372580637059
NEBRASKA,ARTHUR,2002,
NEBRASKA,ARTHUR,2003,19.30778739184177
NEBRASKA,ARTHUR,2004,38.61557478368356
NEBRASKA,ARTHUR,2005,57.92336217552533
NEBRASKA,ARTHUR,2006,77.23114956736711
NEBRASKA,ARTHUR,2007,96.5389369592089
NEBRASKA,ARTHUR,2008,77.23114956736711
NEBRASKA,ARTHUR,2009,57.92336217552534
NEBRASKA,ARTHUR,2010,38.61557478368356
NEBRASKA,ARTHUR,2011,19.307787391841785
NEBRASKA,ARTHUR,2012,
NEBRASKA,ARTHUR,2013,
NEBRASKA,ARTHUR,2014,
NEBRASKA,ARTHUR,2015,
NEBRASKA,ARTHUR,2016,
NEBRASKA,ARTHUR,2017,
NEBRASKA,ARTHUR,2018,15.826567067229622
NEBRASKA,ARTHUR,2019,31.653134134459243
NEBRASKA,ARTHUR,2020,47.47970120168887
NEBRASKA,ARTHUR,2021,63.30626826891849
NEBRASKA,ARTHUR,2022,79.1328353361481
NEBRASKA,ARTHUR,2023,79.1328353361481
NEBRASKA,ARTHUR,2024,79.1328353361481
NEBRASKA,BANNER,2002,68.85443122577195
NEBRASKA,BANNER,2003,67.79349734963235
NEBRASKA,BANNER,2004,66.73256347349275
NEBRASKA,BANNER,2005,65.67162959735315
NEBRASKA,BANNER,2006,64.61069572121355
NEBRASKA,BANNER,2007,63.549761845073945
NEBRASKA,BANNER,2008,60.28543679251685
NEBRASKA,BANNER,2009,57.02111173995975
NEBRASKA,BANNER,2010,53.75678668740265
NEBRASKA,BANNER,2011,50.49246163484556
NEBRASKA,BANNER,2012,47.228136582288464
NEBRASKA,BANNER,2013,47.0922856722723
NEBRASKA,BANNER,2014,46.95643476225612
NEBRASKA,BANNER,2015,46.82058385223996
NEBRASKA,BANNER,2016,46.68473294222378
NEBRASKA,BANNER,2017,46.548882032207615
NEBRASKA,BANNER,2018,42.423164598353054
NEBRASKA,BANNER,2019,38.29744716449849
NEBRASKA,BANNER,2020,34.17172973064393
NEBRASKA,BANNER,2021,30.046012296789367
NEBRASKA,BANNER,2022,25.920294862934806
NEBRASKA,BANNER,2023,25.920294862934806
NEBRASKA,BANNER,2024,25.920294862934806
NEBRASKA,BLAINE,2002,97.46192893401016
NEBRASKA,BLAINE,2003,97.58826065154088
NEBRASKA,BLAINE,2004,97.7145923690716
NEBRASKA,BLAINE,2005,97.84092408660231
NEBRASKA,BLAINE,2006,97.96725580413306
NEBRASKA,BLAINE,2007,98.09358752166378
NEBRASKA,BLAINE,2008,78.47487001733103
NEBRASKA,BLAINE,2009,58.85615251299826
NEBRASKA,BLAINE,2010,39.23743500866551
NEBRASKA,BLAINE,2011,19.61871750433275
NEBRASKA,BLAINE,2012,
NEBRASKA,BLAINE,2013,14.280266920877024
NEBRASKA,BLAINE,2014,28.56053384175405
NEBRASKA,BLAINE,2015,42.84080076263108
NEBRASKA,BLAINE,2016,57.1210676835081
NEBRASKA,BLAINE,2017,71.40133460438513
NEBRASKA,BLAINE,2018,57.1210676835081
NEBRASKA,BLAINE,2019,42.84080076263108
NEBRASKA,BLAINE,2020,28.56053384175405
NEBRASKA,BLAINE,2021,14.280266920877024
NEBRASKA,BLAINE,2022,
NEBRASKA,BLAINE,2023,
NEBRASKA,BLAINE,2024,
NEBRASKA,BOONE,2002,68.34846321687364
NEBRASKA,BOONE,2003,68.75448678654814
NEBRASKA,BOONE,2004,69.16051035622264
NEBRASKA,BOONE,2005,69.56653392589716
NEBRASKA,BOONE,2006,69.97255749557166
NEBRASKA,BOONE,2007,70.37858106524617
NEBRASKA,BOONE,2008,69.68385545941702
NEBRASKA,BOONE,2009,68.98912985358785
NEBRASKA,BOONE,2010,68.2944042477587
NEBRASKA,BOONE,2011,67.59967864192954
NEBRASKA,BOONE,2012,66.9049530361004
NEBRASKA,BOONE,2013,65.75838243654515
NEBRASKA,BOONE,2014,64.61181183698989
NEBRASKA,BOONE,2015,63.46524123743464
NEBRASKA,BOONE,2016,62.318670637879386
NEBRASKA,BOONE,2017,61.17210003832413
NEBRASKA,BOONE,2018,60.14094955098626
NEBRASKA,BOONE,2019,59.10979906364838
NEBRASKA,BOONE,2020,58.07864857631051
NEBRASKA,BOONE,2021,57.04749808897264
NEBRASKA,BOONE,2022,56.01634760163476
NEBRASKA,BOONE,2023,56.01634760163476
NEBRASKA,BOONE,2024,56.01634760163476
NEBRASKA,BOX BUTTE,2002,91.14110995730933
NEBRASKA,BOX BUTTE,2003,89.59677434675994
NEBRASKA,BOX BUTTE,2004,88.05243873621058
NEBRASKA,BOX BUTTE,2005,86.5081031256612
NEBRASKA,BOX BUTTE,2006,84.96376751511183
NEBRASKA,BOX BUTTE,2007,83.41943190456244
NEBRASKA,BOX BUTTE,2008,84.88692834752186
NEBRASKA,BOX BUTTE,2009,86.35442479048127
NEBRASKA,BOX BUTTE,2010,87.8219212334407
NEBRASKA,BOX BUTTE,2011,89.28941767640012
NEBRASKA,BOX BUTTE,2012,90.75691411935954
NEBRASKA,BOX BUTTE,2013,86.64706963122859
NEBRASKA,BOX BUTTE,2014,82.53722514309764
NEBRASKA,BOX BUTTE,2015,78.4273806549667
NEBRASKA,BOX BUTTE,2016,74.31753616683574
NEBRASKA,BOX BUTTE,2017,70.20769167870479
NEBRASKA,BOX BUTTE,2018,68.51240581259265
NEBRASKA,BOX BUTTE,2019,66.81711994648052
NEBRASKA,BOX BUTTE,2020,65.12183408036837
NEBRASKA,BOX BUTTE,2021,63.42654821425624
NEBRASKA,BOX BUTTE,2022,61.7312623481441
NEBRASKA,BOX BUTTE,2023,61.7312623481441
NEBRASKA,BOX BUTTE,2024,61.7312623481441
NEBRASKA,BOYD,2002,30.976461111608337
NEBRASKA,BOYD,2003,27.45706078117856
NEBRASKA,BOYD,2004,23.937660450748787
NEBRASKA,BOYD,2005,20.418260120319008
NEBRASKA,BOYD,2006,16.898859789889233
NEBRASKA,BOYD,2007,13.379459459459458
NEBRASKA,BOYD,2008,14.90806709606009
NEBRASKA,BOYD,2009,16.436674732660723
NEBRASKA,BOYD,2010,17.965282369261352
NEBRASKA,BOYD,2011,19.493890005861985
NEBRASKA,BOYD,2012,21.022497642462618
NEBRASKA,BOYD,2013,20.36595888282632
NEBRASKA,BOYD,2014,19.70942012319001
NEBRASKA,BOYD,2015,19.05288136355372
NEBRASKA,BOYD,2016,18.39634260391741
NEBRASKA,BOYD,2017,17.73980384428111
NEBRASKA,BOYD,2018,14.866840615521316
NEBRASKA,BOYD,2019,11.993877386761522
NEBRASKA,BOYD,2020,9.120914158001728
NEBRASKA,BOYD,2021,6.247950929241934
NEBRASKA,BOYD,2022,3.374987700482141
NEBRASKA,BOYD,2023,3.374987700482141
NEBRASKA,BOYD,2024,3.374987700482141
NEBRASKA,BROWN,2002,95.28324823729638
NEBRASKA,BROWN,2003,95.14090994021844
NEBRASKA,BROWN,2004,94.9985716431405
NEBRASKA,BROWN,2005,94.85623334606257
NEBRASKA,BROWN,2006,94.71389504898464
NEBRASKA,BROWN,2007,94.57155675190668
NEBRASKA,BROWN,2008,94.99503636945184
NEBRASKA,BROWN,2009,95.41851598699698
NEBRASKA,BROWN,2010,95.84199560454212
NEBRASKA,BROWN,2011,96.26547522208728
NEBRASKA,BROWN,2012,96.68895483963244
NEBRASKA,BROWN,2013,95.2060080772108
NEBRASKA,BROWN,2014,93.7230613147892
NEBRASKA,BROWN,2015,92.24011455236756
NEBRASKA,BROWN,2016,90.75716778994594
NEBRASKA,BROWN,2017,89.27422102752432
NEBRASKA,BROWN,2018,86.19170125206652
NEBRASKA,BROWN,2019,83.10918147660873
NEBRASKA,BROWN,2020,80.02666170115091
NEBRASKA,BROWN,2021,76.94414192569312
NEBRASKA,BROWN,2022,73.86162215023532
NEBRASKA,BROWN,2023,73.86162215023532
NEBRASKA,BROWN,2024,73.86162215023532
NEBRASKA,BUFFALO,2002,92.41135226187798
NEBRASKA,BUFFALO,2003,91.30528077137292
NEBRASKA,BUFFALO,2004,90.19920928086783
NEBRASKA,BUFFALO,2005,89.09313779036279
NEBRASKA,BUFFALO,2006,87.98706629985772
NEBRASKA,BUFFALO,2007,86.88099480935266
NEBRASKA,BUFFALO,2008,86.65322261132874
NEBRASKA,BUFFALO,2009,86.42545041330483
NEBRASKA,BUFFALO,2010,86.1976782152809
NEBRASKA,BUFFALO,2011,85.96990601725699
NEBRASKA,BUFFALO,2012,85.74213381923308
NEBRASKA,BUFFALO,2013,84.25166166389876
NEBRASKA,BUFFALO,2014,82.76118950856443
NEBRASKA,BUFFALO,2015,81.27071735323011
NEBRASKA,BUFFALO,2016,79.78024519789578
NEBRASKA,BUFFALO,2017,78.28977304256146
NEBRASKA,BUFFALO,2018,78.1000966620795
NEBRASKA,BUFFALO,2019,77.91042028159752
NEBRASKA,BUFFALO,2020,77.72074390111555
NEBRASKA,BUFFALO,2021,77.53106752063358
NEBRASKA,BUFFALO,2022,77.34139114015161
NEBRASKA,BUFFALO,2023,77.34139114015161
NEBRASKA,BUFFALO,2024,77.34139114015161
NEBRASKA,BURT,2002,23.19049769377157
NEBRASKA,BURT,2003,23.201603808203075
NEBRASKA,BURT,2004,23.21270992263458
NEBRASKA,BURT,2005,23.22381603706609
NEBRASKA,BURT,2006,23.2349221514976
NEBRASKA,BURT,2007,23.2460282659291
NEBRASKA,BURT,2008,21.85536063738
NEBRASKA,BURT,2009,20.4646930088309
NEBRASKA,BURT,2010,19.0740253802818
NEBRASKA,BURT,2011,17.6833577517327
NEBRASKA,BURT,2012,16.292690123183597
NEBRASKA,BURT,2013,17.59507502134445
NEBRASKA,BURT,2014,18.89745991950529
NEBRASKA,BURT,2015,20.19984481766615
NEBRASKA,BURT,2016,21.502229715827
NEBRASKA,BURT,2017,22.80461461398785
NEBRASKA,BURT,2018,22.62053114695912
NEBRASKA,BURT,2019,22.43644767993037
NEBRASKA,BURT,2020,22.252364212901632
NEBRASKA,BURT,2021,22.06828074587289
NEBRASKA,BURT,2022,21.88419727884415
NEBRASKA,BURT,2023,21.88419727884415
NEBRASKA,BURT,2024,21.88419727884415
NEBRASKA,BUTLER,2002,47.07672893178572
NEBRASKA,BUTLER,2003,47.84527117516256
NEBRASKA,BUTLER,2004,48.613813418539394
NEBRASKA,BUTLER,2005,49.38235566191624
NEBRASKA,BUTLER,2006,50.15089790529307
NEBRASKA,BUTLER,2007,50.91944014866991
NEBRASKA,BUTLER,2008,49.62801201127679
NEBRASKA,BUTLER,2009,48.33658387388366
NEBRASKA,BUTLER,2010,47.04515573649054
NEBRASKA,BUTLER,2011,45.75372759909742
NEBRASKA,BUTLER,2012,44.4622994617043
NEBRASKA,BUTLER,2013,42.8684895922951
NEBRASKA,BUTLER,2014,41.27467972288591
NEBRASKA,BUTLER,2015,39.68086985347671
NEBRASKA,BUTLER,2016,38.08705998406752
NEBRASKA,BUTLER,2017,36.49325011465832
NEBRASKA,BUTLER,2018,38.69412425510157
NEBRASKA,BUTLER,2019,40.89499839554483
NEBRASKA,BUTLER,2020,43.095872535988086
NEBRASKA,BUTLER,2021,45.29674667643134
NEBRASKA,BUTLER,2022,47.4976208168746
NEBRASKA,BUTLER,2023,47.4976208168746
NEBRASKA,BUTLER,2024,47.4976208168746
NEBRASKA,CASS,2002,0.9325807831330354
NEBRASKA,CASS,2003,1.0901129754597436
NEBRASKA,CASS,2004,1.2476451677864515
NEBRASKA,CASS,2005,1.40517736011316
NEBRASKA,CASS,2006,1.562709552439868
NEBRASKA,CASS,2007,1.7202417447665763
NEBRASKA,CASS,2008,1.7014276716313002
NEBRASKA,CASS,2009,1.682613598496024
NEBRASKA,CASS,2010,1.6637995253607476
NEBRASKA,CASS,2011,1.6449854522254714
NEBRASKA,CASS,2012,1.6261713790901953
NEBRASKA,CASS,2013,1.6187287825747918
NEBRASKA,CASS,2014,1.6112861860593883
NEBRASKA,CASS,2015,1.6038435895439849
NEBRASKA,CASS,2016,1.5964009930285814
NEBRASKA,CASS,2017,1.588958396513178
NEBRASKA,CASS,2018,1.4641892042496547
NEBRASKA,CASS,2019,1.3394200119861317
NEBRASKA,CASS,2020,1.214650819722609
NEBRASKA,CASS,2021,1.0898816274590857
NEBRASKA,CASS,2022,0.9651124351955624
NEBRASKA,CASS,2023,0.9651124351955624
NEBRASKA,CASS,2024,0.9651124351955624
NEBRASKA,CEDAR,2002,30.453275864513472
NEBRASKA,CEDAR,2003,32.652355113955785
NEBRASKA,CEDAR,2004,34.8514343633981
NEBRASKA,CEDAR,2005,37.05051361284042
NEBRASKA,CEDAR,2006,39.24959286228273
NEBRASKA,CEDAR,2007,41.448672111725045
NEBRASKA,CEDAR,2008,43.6118856635041
NEBRASKA,CEDAR,2009,45.77509921528316
NEBRASKA,CEDAR,2010,47.93831276706222
NEBRASKA,CEDAR,2011,50.10152631884128
NEBRASKA,CEDAR,2012,52.26473987062034
NEBRASKA,CEDAR,2013,51.92947912375106
NEBRASKA,CEDAR,2014,51.59421837688177
NEBRASKA,CEDAR,2015,51.25895763001249
NEBRASKA,CEDAR,2016,50.9236968831432
NEBRASKA,CEDAR,2017,50.58843613627392
NEBRASKA,CEDAR,2018,50.70265263282569
NEBRASKA,CEDAR,2019,50.816869129377466
NEBRASKA,CEDAR,2020,50.93108562592924
NEBRASKA,CEDAR,2021,51.04530212248101
NEBRASKA,CEDAR,2022,51.15951861903278
NEBRASKA,CEDAR,2023,51.15951861903278
NEBRASKA,CEDAR,2024,51.15951861903278
NEBRASKA,CHASE,2002,95.97570742124934
NEBRASKA,CHASE,2003,94.1976019142476
NEBRASKA,CHASE,2004,92.41949640724587
NEBRASKA,CHASE,2005,90.64139090024416
NEBRASKA,CHASE,2006,88.86328539324244
NEBRASKA,CHASE,2007,87.08517988624071
NEBRASKA,CHASE,2008,85.96887784596471
NEBRASKA,CHASE,2009,84.85257580568873
NEBRASKA,CHASE,2010,83.73627376541273
NEBRASKA,CHASE,2011,82.61997172513675
NEBRASKA,CHASE,2012,81.50366968486075
NEBRASKA,CHASE,2013,78.80719941862824
NEBRASKA,CHASE,2014,76.11072915239573
NEBRASKA,CHASE,2015,73.41425888616322
NEBRASKA,CHASE,2016,70.7177886199307
NEBRASKA,CHASE,2017,68.02131835369819
NEBRASKA,CHASE,2018,68.12992983280569
NEBRASKA,CHASE,2019,68.2385413119132
NEBRASKA,CHASE,2020,68.34715279102069
NEBRASKA,CHASE,2021,68.4557642701282
NEBRASKA,CHASE,2022,68.5643757492357
NEBRASKA,CHASE,2023,68.5643757492357
NEBRASKA,CHASE,2024,68.5643757492357
NEBRASKA,CHERRY,2002,86.29145728643216
NEBRASKA,CHERRY,2003,88.44345379370394
NEBRASKA,CHERRY,2004,90.59545030097571
NEBRASKA,CHERRY,2005,92.74744680824747
NEBRASKA,CHERRY,2006,94.89944331551926
NEBRASKA,CHERRY,2007,97.05143982279104
NEBRASKA,CHERRY,2008,95.5578649605026
NEBRASKA,CHERRY,2009,94.06429009821416
NEBRASKA,CHERRY,2010,92.57071523592572
NEBRASKA,CHERRY,2011,91.0771403736373
NEBRASKA,CHERRY,2012,89.58356551134887
NEBRASKA,CHERRY,2013,88.27295208274252
NEBRASKA,CHERRY,2014,86.96233865413618
NEBRASKA,CHERRY,2015,85.65172522552984
NEBRASKA,CHERRY,2016,84.3411117969235
NEBRASKA,CHERRY,2017,83.03049836831715
NEBRASKA,CHERRY,2018,84.7743850870957
NEBRASKA,CHERRY,2019,86.51827180587424
NEBRASKA,CHERRY,2020,88.26215852465278
NEBRASKA,CHERRY,2021,90.00604524343132
NEBRASKA,CHERRY,2022,91.74993196220986
NEBRASKA,CHERRY,2023,91.74993196220986
NEBRASKA,CHERRY,2024,91.74993196220986
NEBRASKA,CHEYENNE,2002,89.17784098604903
NEBRASKA,CHEYENNE,2003,87.5335085175162
NEBRASKA,CHEYENNE,2004,85.88917604898334
NEBRASKA,CHEYENNE,2005,84.2448435804505
NEBRASKA,CHEYENNE,2006,82.60051111191765
NEBRASKA,CHEYENNE,2007,80.95617864338482
NEBRASKA,CHEYENNE,2008,75.04119238567857
NEBRASKA,CHEYENNE,2009,69.12620612797232
NEBRASKA,CHEYENNE,2010,63.211219870266085
NEBRASKA,CHEYENNE,2011,57.296233612559845
NEBRASKA,CHEYENNE,2012,51.3812473548536
NEBRASKA,CHEYENNE,2013,49.12708997342635
NEBRASKA,CHEYENNE,2014,46.872932591999096
NEBRASKA,CHEYENNE,2015,44.61877521057185
NEBRASKA,CHEYENNE,2016,42.36461782914459
NEBRASKA,CHEYENNE,2017,40.110460447717344
NEBRASKA,CHEYENNE,2018,36.77936727314952
NEBRASKA,CHEYENNE,2019,33.4482740985817
NEBRASKA,CHEYENNE,2020,30.11718092401388
NEBRASKA,CHEYENNE,2021,26.786087749446047
NEBRASKA,CHEYENNE,2022,23.454994574878224
NEBRASKA,CHEYENNE,2023,23.454994574878224
NEBRASKA,CHEYENNE,2024,23.454994574878224
NEBRASKA,CLAY,2002,78.69157665985534
NEBRASKA,CLAY,2003,79.54241447831164
NEBRASKA,CLAY,2004,80.39325229676794
NEBRASKA,CLAY,2005,81.24409011522425
NEBRASKA,CLAY,2006,82.09492793368055
NEBRASKA,CLAY,2007,82.94576575213685
NEBRASKA,CLAY,2008,82.0454580764061
NEBRASKA,CLAY,2009,81.14515040067536
NEBRASKA,CLAY,2010,80.2448427249446
NEBRASKA,CLAY,2011,79.34453504921386
NEBRASKA,CLAY,2012,78.44422737348312
NEBRASKA,CLAY,2013,78.11048262400809
NEBRASKA,CLAY,2014,77.77673787453305
NEBRASKA,CLAY,2015,77.44299312505804
NEBRASKA,CLAY,2016,77.10924837558301
NEBRASKA,CLAY,2017,76.77550362610798
NEBRASKA,CLAY,2018,77.40656412735363
NEBRASKA,CLAY,2019,78.03762462859929
NEBRASKA,CLAY,2020,78.66868512984493
NEBRASKA,CLAY,2021,79.29974563109059
NEBRASKA,CLAY,2022,79.93080613233624
NEBRASKA,CLAY,2023,79.93080613233624
NEBRASKA,CLAY,2024,79.93080613233624
NEBRASKA,COLFAX,2002,39.11993365813206
NEBRASKA,COLFAX,2003,40.06777463314128
NEBRASKA,COLFAX,2004,41.01561560815048
NEBRASKA,COLFAX,2005,41.9634565831597
NEBRASKA,COLFAX,2006,42.9112975581689
NEBRASKA,COLFAX,2007,43.85913853317812
NEBRASKA,COLFAX,2008,43.221415647097295
NEBRASKA,COLFAX,2009,42.58369276101647
NEBRASKA,COLFAX,2010,41.94596987493565
NEBRASKA,COLFAX,2011,41.308246988854826
NEBRASKA,COLFAX,2012,40.670524102774
NEBRASKA,COLFAX,2013,41.0807372874341
NEBRASKA,COLFAX,2014,41.4909504720942
NEBRASKA,COLFAX,2015,41.9011636567543
NEBRASKA,COLFAX,2016,42.31137684141439
NEBRASKA,COLFAX,2017,42.721590026074495
NEBRASKA,COLFAX,2018,42.18884349884339
NEBRASKA,COLFAX,2019,41.656096971612286
NEBRASKA,COLFAX,2020,41.12335044438119
NEBRASKA,COLFAX,2021,40.59060391715008
NEBRASKA,COLFAX,2022,40.05785738991898
NEBRASKA,COLFAX,2023,40.05785738991898
NEBRASKA,COLFAX,2024,40.05785738991898
NEBRASKA,CUMING,2002,17.809649989835474
NEBRASKA,CUMING,2003,18.70476271048004
NEBRASKA,CUMING,2004,19.599875431124605
NEBRASKA,CUMING,2005,20.49498815176917
NEBRASKA,CUMING,2006,21.39010087241374
NEBRASKA,CUMING,2007,22.285213593058305
NEBRASKA,CUMING,2008,23.04361180822406
NEBRASKA,CUMING,2009,23.80201002338982
NEBRASKA,CUMING,2010,24.56040823855557
NEBRASKA,CUMING,2011,25.318806453721333
NEBRASKA,CUMING,2012,26.077204668887088
NEBRASKA,CUMING,2013,25.00219048487912
NEBRASKA,CUMING,2014,23.92717630087116
NEBRASKA,CUMING,2015,22.852162116863195
NEBRASKA,CUMING,2016,21.77714793285523
NEBRASKA,CUMING,2017,20.702133748847267
NEBRASKA,CUMING,2018,20.774144099490247
NEBRASKA,CUMING,2019,20.846154450133227
NEBRASKA,CUMING,2020,20.91816480077621
NEBRASKA,CUMING,2021,20.99017515141919
NEBRASKA,CUMING,2022,21.06218550206217
NEBRASKA,CUMING,2023,21.06218550206217
NEBRASKA,CUMING,2024,21.06218550206217
NEBRASKA,CUSTER,2002,89.07839377962401
NEBRASKA,CUSTER,2003,86.70900798403264
NEBRASKA,CUSTER,2004,84.33962218844128
NEBRASKA,CUSTER,2005,81.97023639284991
NEBRASKA,CUSTER,2006,79.60085059725856
NEBRASKA,CUSTER,2007,77.23146480166719
NEBRASKA,CUSTER,2008,77.55545862103229
NEBRASKA,CUSTER,2009,77.87945244039739
NEBRASKA,CUSTER,2010,78.20344625976247
NEBRASKA,CUSTER,2011,78.52744007912757
NEBRASKA,CUSTER,2012,78.85143389849267
NEBRASKA,CUSTER,2013,77.2569842256274
NEBRASKA,CUSTER,2014,75.66253455276214
NEBRASKA,CUSTER,2015,74.06808487989687
NEBRASKA,CUSTER,2016,72.4736352070316
NEBRASKA,CUSTER,2017,70.87918553416634
NEBRASKA,CUSTER,2018,69.73592067705366
NEBRASKA,CUSTER,2019,68.59265581994097
NEBRASKA,CUSTER,2020,67.44939096282828
NEBRASKA,CUSTER,2021,66.30612610571559
NEBRASKA,CUSTER,2022,65.16286124860291
NEBRASKA,CUSTER,2023,65.16286124860291
NEBRASKA,CUSTER,2024,65.16286124860291
NEBRASKA,DAKOTA,2002,11.13707761857329
NEBRASKA,DAKOTA,2003,12.7229204931215
NEBRASKA,DAKOTA,2004,14.308763367669712
NEBRASKA,DAKOTA,2005,15.894606242217922
NEBRASKA,DAKOTA,2006,17.48044911676613
NEBRASKA,DAKOTA,2007,19.066291991314344
NEBRASKA,DAKOTA,2008,20.87869480078708
NEBRASKA,DAKOTA,2009,22.69109761025981
NEBRASKA,DAKOTA,2010,24.503500419732543
NEBRASKA,DAKOTA,2011,26.31590322920528
NEBRASKA,DAKOTA,2012,28.12830603867801
NEBRASKA,DAKOTA,2013,26.92381336717529
NEBRASKA,DAKOTA,2014,25.719320695672568
NEBRASKA,DAKOTA,2015,24.514828024169848
NEBRASKA,DAKOTA,2016,23.310335352667128
NEBRASKA,DAKOTA,2017,22.105842681164408
NEBRASKA,DAKOTA,2018,21.9774150330467
NEBRASKA,DAKOTA,2019,21.84898738492899
NEBRASKA,DAKOTA,2020,21.72055973681128
NEBRASKA,DAKOTA,2021,21.59213208869357
NEBRASKA,DAKOTA,2022,21.463704440575864
NEBRASKA,DAKOTA,2023,21.463704440575864
NEBRASKA,DAKOTA,2024,21.463704440575864
NEBRASKA,DAWES,2002,95.7789716039908
NEBRASKA,DAWES,2003,93.52150418151952
NEBRASKA,DAWES,2004,91.26403675904828
NEBRASKA,DAWES,2005,89.00656933657702
NEBRASKA,DAWES,2006,86.74910191410576
NEBRASKA,DAWES,2007,84.4916344916345
NEBRASKA,DAWES,2008,83.60167329393502
NEBRASKA,DAWES,2009,82.71171209623556
NEBRASKA,DAWES,2010,81.82175089853608
NEBRASKA,DAWES,2011,80.93178970083662
NEBRASKA,DAWES,2012,80.04182850313714
NEBRASKA,DAWES,2013,76.10427038604381
NEBRASKA,DAWES,2014,72.16671226895048
NEBRASKA,DAWES,2015,68.22915415185714
NEBRASKA,DAWES,2016,64.29159603476381
NEBRASKA,DAWES,2017,60.35403791767048
NEBRASKA,DAWES,2018,59.32127636513685
NEBRASKA,DAWES,2019,58.288514812603225
NEBRASKA,DAWES,2020,57.2557532600696
NEBRASKA,DAWES,2021,56.222991707535975
NEBRASKA,DAWES,2022,55.190230155002354
NEBRASKA,DAWES,2023,55.190230155002354
NEBRASKA,DAWES,2024,55.190230155002354
NEBRASKA,DAWSON,2002,96.9707699864073
NEBRASKA,DAWSON,2003,96.96538268375862
NEBRASKA,DAWSON,2004,96.95999538110992
NEBRASKA,DAWSON,2005,96.95460807846123
NEBRASKA,DAWSON,2006,96.94922077581256
NEBRASKA,DAWSON,2007,96.94383347316388
NEBRASKA,DAWSON,2008,96.07795110979391
NEBRASKA,DAWSON,2009,95.21206874642394
NEBRASKA,DAWSON,2010,94.34618638305398
NEBRASKA,DAWSON,2011,93.480304019684
NEBRASKA,DAWSON,2012,92.61442165631404
NEBRASKA,DAWSON,2013,92.44735290352986
NEBRASKA,DAWSON,2014,92.28028415074569
NEBRASKA,DAWSON,2015,92.1132153979615
NEBRASKA,DAWSON,2016,91.94614664517732
NEBRASKA,DAWSON,2017,91.77907789239316
NEBRASKA,DAWSON,2018,90.39303116946036
NEBRASKA,DAWSON,2019,89.00698444652757
NEBRASKA,DAWSON,2020,87.62093772359476
NEBRASKA,DAWSON,2021,86.23489100066197
NEBRASKA,DAWSON,2022,84.84884427772919
NEBRASKA,DAWSON,2023,84.84884427772919
NEBRASKA,DAWSON,2024,84.84884427772919
NEBRASKA,DEUEL,2002,70.36268085382468
NEBRASKA,DEUEL,2003,68.54882503146686
NEBRASKA,DEUEL,2004,66.73496920910904
NEBRASKA,DEUEL,2005,64.9211133867512
NEBRASKA,DEUEL,2006,63.10725756439338
NEBRASKA,DEUEL,2007,61.29340174203556
NEBRASKA,DEUEL,2008,56.77299719293682
NEBRASKA,DEUEL,2009,52.25259264383809
NEBRASKA,DEUEL,2010,47.73218809473936
NEBRASKA,DEUEL,2011,43.21178354564063
NEBRASKA,DEUEL,2012,38.69137899654189
NEBRASKA,DEUEL,2013,37.48958510500063
NEBRASKA,DEUEL,2014,36.28779121345936
NEBRASKA,DEUEL,2015,35.08599732191811
NEBRASKA,DEUEL,2016,33.88420343037684
NEBRASKA,DEUEL,2017,32.68240953883558
NEBRASKA,DEUEL,2018,31.85626167598864
NEBRASKA,DEUEL,2019,31.030113813141693
NEBRASKA,DEUEL,2020,30.203965950294748
NEBRASKA,DEUEL,2021,29.377818087447807
NEBRASKA,DEUEL,2022,28.551670224600866
NEBRASKA,DEUEL,2023,28.551670224600866
NEBRASKA,DEUEL,2024,28.551670224600866
NEBRASKA,DIXON,2002,11.943620178041543
NEBRASKA,DIXON,2003,13.202853873675904
NEBRASKA,DIXON,2004,14.462087569310269
NEBRASKA,DIXON,2005,15.721321264944628
NEBRASKA,DIXON,2006,16.98055496057899
NEBRASKA,DIXON,2007,18.23978865621335
NEBRASKA,DIXON,2008,17.551111100063224
NEBRASKA,DIXON,2009,16.8624335439131
NEBRASKA,DIXON,2010,16.173755987762974
NEBRASKA,DIXON,2011,15.485078431612852
NEBRASKA,DIXON,2012,14.796400875462728
NEBRASKA,DIXON,2013,14.819784742114098
NEBRASKA,DIXON,2014,14.84316860876547
NEBRASKA,DIXON,2015,14.866552475416842
NEBRASKA,DIXON,2016,14.889936342068214
NEBRASKA,DIXON,2017,14.913320208719586
NEBRASKA,DIXON,2018,14.91759075808055
NEBRASKA,DIXON,2019,14.921861307441514
NEBRASKA,DIXON,2020,14.926131856802478
NEBRASKA,DIXON,2021,14.93040240616344
NEBRASKA,DIXON,2022,14.934672955524404
NEBRASKA,DIXON,2023,14.934672955524404
NEBRASKA,DIXON,2024,14.934672955524404
NEBRASKA,DODGE,2002,43.77480983202644
NEBRASKA,DODGE,2003,44.27255750623724
NEBRASKA,DODGE,2004,44.77030518044804
NEBRASKA,DODGE,2005,45.26805285465883
NEBRASKA,DODGE,2006,45.76580052886963
NEBRASKA,DODGE,2007,46.26354820308043
NEBRASKA,DODGE,2008,46.28850434885831
NEBRASKA,DODGE,2009,46.31346049463619
NEBRASKA,DODGE,2010,46.33841664041408
NEBRASKA,DODGE,2011,46.36337278619195
NEBRASKA,DODGE,2012,46.38832893196983
NEBRASKA,DODGE,2013,46.75503291039799
NEBRASKA,DODGE,2014,47.12173688882614
NEBRASKA,DODGE,2015,47.4884408672543
NEBRASKA,DODGE,2016,47.85514484568245
NEBRASKA,DODGE,2017,48.22184882411061
NEBRASKA,DODGE,2018,47.57370537767445
NEBRASKA,DODGE,2019,46.9255619312383
NEBRASKA,DODGE,2020,46.27741848480214
NEBRASKA,DODGE,2021,45.62927503836599
NEBRASKA,DODGE,2022,44.98113159192983
NEBRASKA,DODGE,2023,44.98113159192983
NEBRASKA,DODGE,2024,44.98113159192983
NEBRASKA,DOUGLAS,2002,22.4315443592552
NEBRASKA,DOUGLAS,2003,23.28333165574061
NEBRASKA,DOUGLAS,2004,24.13511895222602
NEBRASKA,DOUGLAS,2005,24.986906248711428
NEBRASKA,DOUGLAS,2006,25.83869354519684
NEBRASKA,DOUGLAS,2007,26.690480841682245
NEBRASKA,DOUGLAS,2008,27.09458957312308
NEBRASKA,DOUGLAS,2009,27.49869830456392
NEBRASKA,DOUGLAS,2010,27.902807036004745
NEBRASKA,DOUGLAS,2011,28.30691576744558
NEBRASKA,DOUGLAS,2012,28.711024498886413
NEBRASKA,DOUGLAS,2013,30.02517182855121
NEBRASKA,DOUGLAS,2014,31.339319158216007
NEBRASKA,DOUGLAS,2015,32.653466487880806
NEBRASKA,DOUGLAS,2016,33.9676138175456
NEBRASKA,DOUGLAS,2017,35.2817611472104
NEBRASKA,DOUGLAS,2018,33.239727077144245
NEBRASKA,DOUGLAS,2019,31.19769300707809
NEBRASKA,DOUGLAS,2020,29.15565893701193
NEBRASKA,DOUGLAS,2021,27.113624866945784
NEBRASKA,DOUGLAS,2022,25.07159079687963
NEBRASKA,DOUGLAS,2023,25.07159079687963
NEBRASKA,DOUGLAS,2024,25.07159079687963
NEBRASKA,DUNDY,2002,95.0181751176776
NEBRASKA,DUNDY,2003,90.9403360435734
NEBRASKA,DUNDY,2004,86.86249696946919
NEBRASKA,DUNDY,2005,82.78465789536497
NEBRASKA,DUNDY,2006,78.70681882126077
NEBRASKA,DUNDY,2007,74.62897974715656
NEBRASKA,DUNDY,2008,74.99835707182332
NEBRASKA,DUNDY,2009,75.36773439649008
NEBRASKA,DUNDY,2010,75.73711172115682
NEBRASKA,DUNDY,2011,76.10648904582358
NEBRASKA,DUNDY,2012,76.47586637049034
NEBRASKA,DUNDY,2013,72.29352827010338
NEBRASKA,DUNDY,2014,68.11119016971644
NEBRASKA,DUNDY,2015,63.92885206932948
NEBRASKA,DUNDY,2016,59.74651396894253
NEBRASKA,DUNDY,2017,55.56417586855558
NEBRASKA,DUNDY,2018,56.23125179267421
NEBRASKA,DUNDY,2019,56.89832771679283
NEBRASKA,DUNDY,2020,57.565403640911455
NEBRASKA,DUNDY,2021,58.23247956503008
NEBRASKA,DUNDY,2022,58.8995554891487
NEBRASKA,DUNDY,2023,58.8995554891487
NEBRASKA,DUNDY,2024,58.8995554891487
NEBRASKA,FILLMORE,2002,73.36511781028076
NEBRASKA,FILLMORE,2003,74.77957445139518
NEBRASKA,FILLMORE,2004,76.19403109250959
NEBRASKA,FILLMORE,2005,77.60848773362402
NEBRASKA,FILLMORE,2006,79.02294437473843
NEBRASKA,FILLMORE,2007,80.43740101585284
NEBRASKA,FILLMORE,2008,79.49922190367565
NEBRASKA,FILLMORE,2009,78.56104279149845
NEBRASKA,FILLMORE,2010,77.62286367932126
NEBRASKA,FILLMORE,2011,76.68468456714406
NEBRASKA,FILLMORE,2012,75.74650545496687
NEBRASKA,FILLMORE,2013,75.96400016685816
NEBRASKA,FILLMORE,2014,76.18149487874946
NEBRASKA,FILLMORE,2015,76.39898959064075
NEBRASKA,FILLMORE,2016,76.61648430253206
NEBRASKA,FILLMORE,2017,76.83397901442335
NEBRASKA,FILLMORE,2018,76.72685843104256
NEBRASKA,FILLMORE,2019,76.61973784766177
NEBRASKA,FILLMORE,2020,76.51261726428098
NEBRASKA,FILLMORE,2021,76.40549668090019
NEBRASKA,FILLMORE,2022,76.2983760975194
NEBRASKA,FILLMORE,2023,76.2983760975194
NEBRASKA,FILLMORE,2024,76.2983760975194
NEBRASKA,FRANKLIN,2002,83.76922213491974
NEBRASKA,FRANKLIN,2003,82.70060027997346
NEBRASKA,FRANKLIN,2004,81.63197842502719
NEBRASKA,FRANKLIN,2005,80.5633565700809
NEBRASKA,FRANKLIN,2006,79.49473471513463
NEBRASKA,FRANKLIN,2007,78.42611286018834
NEBRASKA,FRANKLIN,2008,76.73965717642002
NEBRASKA,FRANKLIN,2009,75.05320149265171
NEBRASKA,FRANKLIN,2010,73.3667458088834
NEBRASKA,FRANKLIN,2011,71.68029012511508
NEBRASKA,FRANKLIN,2012,69.99383444134676
NEBRASKA,FRANKLIN,2013,68.43232097371033
NEBRASKA,FRANKLIN,2014,66.8708075060739
NEBRASKA,FRANKLIN,2015,65.30929403843747
NEBRASKA,FRANKLIN,2016,63.74778057080104
NEBRASKA,FRANKLIN,2017,62.1862671031646
NEBRASKA,FRANKLIN,2018,62.232861493012656
NEBRASKA,FRANKLIN,2019,62.27945588286072
NEBRASKA,FRANKLIN,2020,62.32605027270877
NEBRASKA,FRANKLIN,2021,62.37264466255683
NEBRASKA,FRANKLIN,2022,62.41923905240488
NEBRASKA,FRANKLIN,2023,62.41923905240488
NEBRASKA,FRANKLIN,2024,62.41923905240488
NEBRASKA,FRONTIER,2002,88.5304824662458
NEBRASKA,FRONTIER,2003,80.76236501045297
NEBRASKA,FRONTIER,2004,72.99424755466013
NEBRASKA,FRONTIER,2005,65.22613009886732
NEBRASKA,FRONTIER,2006,57.45801264307448
NEBRASKA,FRONTIER,2007,49.68989518728164
NEBRASKA,FRONTIER,2008,50.83456104358597
NEBRASKA,FRONTIER,2009,51.97922689989028
NEBRASKA,FRONTIER,2010,53.1238927561946
NEBRASKA,FRONTIER,2011,54.268558612498914
NEBRASKA,FRONTIER,2012,55.41322446880324
NEBRASKA,FRONTIER,2013,50.93386152432156
NEBRASKA,FRONTIER,2014,46.45449857983987
NEBRASKA,FRONTIER,2015,41.97513563535819
NEBRASKA,FRONTIER,2016,37.49577269087651
NEBRASKA,FRONTIER,2017,33.01640974639483
NEBRASKA,FRONTIER,2018,33.39629197143973
NEBRASKA,FRONTIER,2019,33.776174196484625
NEBRASKA,FRONTIER,2020,34.15605642152953
NEBRASKA,FRONTIER,2021,34.53593864657442
NEBRASKA,FRONTIER,2022,34.915820871619324
NEBRASKA,FRONTIER,2023,34.915820871619324
NEBRASKA,FRONTIER,2024,34.915820871619324
NEBRASKA,FURNAS,2002,66.34589783576129
NEBRASKA,FURNAS,2003,60.80036508979428
NEBRASKA,FURNAS,2004,55.25483234382728
NEBRASKA,FURNAS,2005,49.70929959786027
NEBRASKA,FURNAS,2006,44.163766851893264
NEBRASKA,FURNAS,2007,38.618234105926255
NEBRASKA,FURNAS,2008,38.34196216438759
NEBRASKA,FURNAS,2009,38.06569022284892
NEBRASKA,FURNAS,2010,37.78941828131026
NEBRASKA,FURNAS,2011,37.5131463397716
NEBRASKA,FURNAS,2012,37.23687439823293
NEBRASKA,FURNAS,2013,35.34042391304365
NEBRASKA,FURNAS,2014,33.443973427854374
NEBRASKA,FURNAS,2015,31.547522942665097
NEBRASKA,FURNAS,2016,29.65107245747582
NEBRASKA,FURNAS,2017,27.754621972286543
NEBRASKA,FURNAS,2018,28.83343264074775
NEBRASKA,FURNAS,2019,29.91224330920896
NEBRASKA,FURNAS,2020,30.991053977670155
NEBRASKA,FURNAS,2021,32.069864646131364
NEBRASKA,FURNAS,2022,33.148675314592566
NEBRASKA,FURNAS,2023,33.148675314592566
NEBRASKA,FURNAS,2024,33.148675314592566
NEBRASKA,GAGE,2002,23.547452586040404
NEBRASKA,GAGE,2003,23.384712277238485
NEBRASKA,GAGE,2004,23.22197196843657
NEBRASKA,GAGE,2005,23.05923165963465
NEBRASKA,GAGE,2006,22.896491350832736
NEBRASKA,GAGE,2007,22.733751042030818
NEBRASKA,GAGE,2008,22.44203731286192
NEBRASKA,GAGE,2009,22.150323583693005
NEBRASKA,GAGE,2010,21.8586098545241
NEBRASKA,GAGE,2011,21.5668961253552
NEBRASKA,GAGE,2012,21.27518239618629
NEBRASKA,GAGE,2013,21.98033230058869
NEBRASKA,GAGE,2014,22.68548220499109
NEBRASKA,GAGE,2015,23.39063210939349
NEBRASKA,GAGE,2016,24.09578201379589
NEBRASKA,GAGE,2017,24.80093191819829
NEBRASKA,GAGE,2018,23.89666439816884
NEBRASKA,GAGE,2019,22.99239687813939
NEBRASKA,GAGE,2020,22.088129358109946
NEBRASKA,GAGE,2021,21.183861838080496
NEBRASKA,GAGE,2022,20.279594318051046
NEBRASKA,GAGE,2023,20.279594318051046
NEBRASKA,GAGE,2024,20.279594318051046
NEBRASKA,GARDEN,2002,79.56707490743378
NEBRASKA,GARDEN,2003,79.00980016228573
NEBRASKA,GARDEN,2004,78.45252541713768
NEBRASKA,GARDEN,2005,77.89525067198964
NEBRASKA,GARDEN,2006,77.3379759268416
NEBRASKA,GARDEN,2007,76.78070118169354
NEBRASKA,GARDEN,2008,76.61771812148527
NEBRASKA,GARDEN,2009,76.45473506127699
NEBRASKA,GARDEN,2010,76.29175200106872
NEBRASKA,GARDEN,2011,76.12876894086044
NEBRASKA,GARDEN,2012,75.96578588065216
NEBRASKA,GARDEN,2013,70.69794244801729
NEBRASKA,GARDEN,2014,65.43009901538242
NEBRASKA,GARDEN,2015,60.16225558274755
NEBRASKA,GARDEN,2016,54.89441215011268
NEBRASKA,GARDEN,2017,49.62656871747781
NEBRASKA,GARDEN,2018,50.3221385675588
NEBRASKA,GARDEN,2019,51.0177084176398
NEBRASKA,GARDEN,2020,51.71327826772079
NEBRASKA,GARDEN,2021,52.40884811780178
NEBRASKA,GARDEN,2022,53.104417967882775
NEBRASKA,GARDEN,2023,53.104417967882775
NEBRASKA,GARDEN,2024,53.104417967882775
NEBRASKA,GARFIELD,2002,94.8469631755141
NEBRASKA,GARFIELD,2003,92.73183630923812
NEBRASKA,GARFIELD,2004,90.61670944296212
NEBRASKA,GARFIELD,2005,88.50158257668616
NEBRASKA,GARFIELD,2006,86.38645571041017
NEBRASKA,GARFIELD,2007,84.27132884413419
NEBRASKA,GARFIELD,2008,86.22026268451539
NEBRASKA,GARFIELD,2009,88.16919652489659
NEBRASKA,GARFIELD,2010,90.11813036527778
NEBRASKA,GARFIELD,2011,92.06706420565898
NEBRASKA,GARFIELD,2012,94.01599804604018
NEBRASKA,GARFIELD,2013,92.50617437603242
NEBRASKA,GARFIELD,2014,90.99635070602466
NEBRASKA,GARFIELD,2015,89.48652703601691
NEBRASKA,GARFIELD,2016,87.97670336600915
NEBRASKA,GARFIELD,2017,86.46687969600139
NEBRASKA,GARFIELD,2018,82.6016906439382
NEBRASKA,GARFIELD,2019,78.73650159187501
NEBRASKA,GARFIELD,2020,74.87131253981181
NEBRASKA,GARFIELD,2021,71.00612348774862
NEBRASKA,GARFIELD,2022,67.14093443568544
NEBRASKA,GARFIELD,2023,67.14093443568544
NEBRASKA,GARFIELD,2024,67.14093443568544
NEBRASKA,GOSPER,2002,89.80044766493418
NEBRASKA,GOSPER,2003,87.00970792576572
NEBRASKA,GOSPER,2004,84.21896818659727
NEBRASKA,GOSPER,2005,81.42822844742881
NEBRASKA,GOSPER,2006,78.63748870826036
NEBRASKA,GOSPER,2007,75.8467489690919
NEBRASKA,GOSPER,2008,74.2699174574606
NEBRASKA,GOSPER,2009,72.69308594582927
NEBRASKA,GOSPER,2010,71.11625443419796
NEBRASKA,GOSPER,2011,69.53942292256663
NEBRASKA,GOSPER,2012,67.96259141093532
NEBRASKA,GOSPER,2013,66.77182753676122
NEBRASKA,GOSPER,2014,65.58106366258713
NEBRASKA,GOSPER,2015,64.39029978841305
NEBRASKA,GOSPER,2016,63.19953591423895
NEBRASKA,GOSPER,2017,62.008772040064855
NEBRASKA,GOSPER,2018,63.16613399795108
NEBRASKA,GOSPER,2019,64.3234959558373
NEBRASKA,GOSPER,2020,65.48085791372351
NEBRASKA,GOSPER,2021,66.63821987160973
NEBRASKA,GOSPER,2022,67.79558182949596
NEBRASKA,GOSPER,2023,67.79558182949596
NEBRASKA,GOSPER,2024,67.79558182949596
NEBRASKA,GRANT,2002,
NEBRASKA,GRANT,2003,
NEBRASKA,GRANT,2004,
NEBRASKA,GRANT,2005,
NEBRASKA,GRANT,2006,
NEBRASKA,GRANT,2007,
NEBRASKA,GRANT,2008,
NEBRASKA,GRANT,2009,
NEBRASKA,GRANT,2010,
NEBRASKA,GRANT,2011,
NEBRASKA,GRANT,2012,
NEBRASKA,GRANT,2013,
NEBRASKA,GRANT,2014,
NEBRASKA,GRANT,2015,
NEBRASKA,GRANT,2016,
NEBRASKA,GRANT,2017,
NEBRASKA,GRANT,2018,
NEBRASKA,GRANT,2019,
NEBRASKA,GRANT,2020,
NEBRASKA,GRANT,2021,
NEBRASKA,GRANT,2022,
NEBRASKA,GRANT,2023,
NEBRASKA,GRANT,2024,
NEBRASKA,GREELEY,2002,82.9764801297648
NEBRASKA,GREELEY,2003,82.53479995531289
NEBRASKA,GREELEY,2004,82.09311978086097
NEBRASKA,GREELEY,2005,81.65143960640907
NEBRASKA,GREELEY,2006,81.20975943195715
NEBRASKA,GREELEY,2007,80.76807925750525
NEBRASKA,GREELEY,2008,80.00091347159405
NEBRASKA,GREELEY,2009,79.23374768568284
NEBRASKA,GREELEY,2010,78.46658189977163
NEBRASKA,GREELEY,2011,77.69941611386042
NEBRASKA,GREELEY,2012,76.93225032794922
NEBRASKA,GREELEY,2013,76.26682973117165
NEBRASKA,GREELEY,2014,75.6014091343941
NEBRASKA,GREELEY,2015,74.93598853761654
NEBRASKA,GREELEY,2016,74.27056794083899
NEBRASKA,GREELEY,2017,73.60514734406142
NEBRASKA,GREELEY,2018,72.18711695949823
NEBRASKA,GREELEY,2019,70.76908657493503
NEBRASKA,GREELEY,2020,69.35105619037182
NEBRASKA,GREELEY,2021,67.93302580580863
NEBRASKA,GREELEY,2022,66.51499542124543
NEBRASKA,GREELEY,2023,66.51499542124543
NEBRASKA,GREELEY,2024,66.51499542124543
NEBRASKA,HALL,2002,94.78176070162915
NEBRASKA,HALL,2003,94.7061172890981
NEBRASKA,HALL,2004,94.63047387656704
NEBRASKA,HALL,2005,94.554830464036
NEBRASKA,HALL,2006,94.47918705150497
NEBRASKA,HALL,2007,94.4035436389739
NEBRASKA,HALL,2008,93.99640536969984
NEBRASKA,HALL,2009,93.58926710042576
NEBRASKA,HALL,2010,93.18212883115169
NEBRASKA,HALL,2011,92.7749905618776
NEBRASKA,HALL,2012,92.36785229260352
NEBRASKA,HALL,2013,91.92785882017009
NEBRASKA,HALL,2014,91.4878653477366
NEBRASKA,HALL,2015,91.04787187530314
NEBRASKA,HALL,2016,90.60787840286967
NEBRASKA,HALL,2017,90.16788493043622
NEBRASKA,HALL,2018,89.26491627612465
NEBRASKA,HALL,2019,88.36194762181307
NEBRASKA,HALL,2020,87.45897896750151
NEBRASKA,HALL,2021,86.55601031318993
NEBRASKA,HALL,2022,85.65304165887837
NEBRASKA,HALL,2023,85.65304165887837
NEBRASKA,HALL,2024,85.65304165887837
NEBRASKA,HAMILTON,2002,91.91423176358596
NEBRASKA,HAMILTON,2003,92.10426217393764
NEBRASKA,HAMILTON,2004,92.29429258428934
NEBRASKA,HAMILTON,2005,92.48432299464103
NEBRASKA,HAMILTON,2006,92.67435340499271
NEBRASKA,HAMILTON,2007,92.86438381534442
NEBRASKA,HAMILTON,2008,92.59588532247012
NEBRASKA,HAMILTON,2009,92.3273868295958
NEBRASKA,HAMILTON,2010,92.0588883367215
NEBRASKA,HAMILTON,2011,91.79038984384718
NEBRASKA,HAMILTON,2012,91.52189135097288
NEBRASKA,HAMILTON,2013,91.12903345120688
NEBRASKA,HAMILTON,2014,90.73617555144088
NEBRASKA,HAMILTON,2015,90.34331765167484
NEBRASKA,HAMILTON,2016,89.95045975190885
NEBRASKA,HAMILTON,2017,89.55760185214285
NEBRASKA,HAMILTON,2018,89.29589984992538
NEBRASKA,HAMILTON,2019,89.0341978477079
NEBRASKA,HAMILTON,2020,88.77249584549043
NEBRASKA,HAMILTON,2021,88.51079384327295
NEBRASKA,HAMILTON,2022,88.24909184105547
NEBRASKA,HAMILTON,2023,88.24909184105547
NEBRASKA,HAMILTON,2024,88.24909184105547
NEBRASKA,HARLAN,2002,73.49344560329155
NEBRASKA,HARLAN,2003,71.76945132669597
NEBRASKA,HARLAN,2004,70.0454570501004
NEBRASKA,HARLAN,2005,68.32146277350482
NEBRASKA,HARLAN,2006,66.59746849690924
NEBRASKA,HARLAN,2007,64.87347422031367
NEBRASKA,HARLAN,2008,63.81754006222575
NEBRASKA,HARLAN,2009,62.76160590413784
NEBRASKA,HARLAN,2010,61.70567174604993
NEBRASKA,HARLAN,2011,60.649737587962015
NEBRASKA,HARLAN,2012,59.5938034298741
NEBRASKA,HARLAN,2013,57.57073597477559
NEBRASKA,HARLAN,2014,55.54766851967708
NEBRASKA,HARLAN,2015,53.52460106457856
NEBRASKA,HARLAN,2016,51.501533609480056
NEBRASKA,HARLAN,2017,49.47846615438154
NEBRASKA,HARLAN,2018,48.55584887548724
NEBRASKA,HARLAN,2019,47.633231596592935
NEBRASKA,HARLAN,2020,46.71061431769863
NEBRASKA,HARLAN,2021,45.78799703880433
NEBRASKA,HARLAN,2022,44.86537975991002
NEBRASKA,HARLAN,2023,44.86537975991002
NEBRASKA,HARLAN,2024,44.86537975991002
NEBRASKA,HAYES,2002,82.40954251715205
NEBRASKA,HAYES,2003,79.21293939681598
NEBRASKA,HAYES,2004,76.01633627647992
NEBRASKA,HAYES,2005,72.81973315614385
NEBRASKA,HAYES,2006,69.62313003580779
NEBRASKA,HAYES,2007,66.42652691547173
NEBRASKA,HAYES,2008,65.26063902284858
NEBRASKA,HAYES,2009,64.09475113022543
NEBRASKA,HAYES,2010,62.92886323760229
NEBRASKA,HAYES,2011,61.76297534497915
NEBRASKA,HAYES,2012,60.597087452356
NEBRASKA,HAYES,2013,57.88436024876373
NEBRASKA,HAYES,2014,55.17163304517147
NEBRASKA,HAYES,2015,52.4589058415792
NEBRASKA,HAYES,2016,49.74617863798693
NEBRASKA,HAYES,2017,47.03345143439466
NEBRASKA,HAYES,2018,50.59234045010291
NEBRASKA,HAYES,2019,54.15122946581115
NEBRASKA,HAYES,2020,57.7101184815194
NEBRASKA,HAYES,2021,61.26900749722763
NEBRASKA,HAYES,2022,64.82789651293588
NEBRASKA,HAYES,2023,64.82789651293588
NEBRASKA,HAYES,2024,64.82789651293588
NEBRASKA,HITCHCOCK,2002,84.10321391544753
NEBRASKA,HITCHCOCK,2003,73.00369168633976
NEBRASKA,HITCHCOCK,2004,61.904169457232
NEBRASKA,HITCHCOCK,2005,50.80464722812424
NEBRASKA,HITCHCOCK,2006,39.70512499901648
NEBRASKA,HITCHCOCK,2007,28.60560276990872
NEBRASKA,HITCHCOCK,2008,28.54784324514166
NEBRASKA,HITCHCOCK,2009,28.490083720374606
NEBRASKA,HITCHCOCK,2010,28.43232419560755
NEBRASKA,HITCHCOCK,2011,28.37456467084049
NEBRASKA,HITCHCOCK,2012,28.31680514607344
NEBRASKA,HITCHCOCK,2013,27.77755676938972
NEBRASKA,HITCHCOCK,2014,27.238308392706003
NEBRASKA,HITCHCOCK,2015,26.699060016022283
NEBRASKA,HITCHCOCK,2016,26.159811639338567
NEBRASKA,HITCHCOCK,2017,25.620563262654848
NEBRASKA,HITCHCOCK,2018,26.239293474406026
NEBRASKA,HITCHCOCK,2019,26.8580236861572
NEBRASKA,HITCHCOCK,2020,27.47675389790837
NEBRASKA,HITCHCOCK,2021,28.09548410965955
NEBRASKA,HITCHCOCK,2022,28.71421432141073
NEBRASKA,HITCHCOCK,2023,28.71421432141073
NEBRASKA,HITCHCOCK,2024,28.71421432141073
NEBRASKA,HOLT,2002,90.30225307891304
NEBRASKA,HOLT,2003,90.85329370926011
NEBRASKA,HOLT,2004,91.4043343396072
NEBRASKA,HOLT,2005,91.95537496995428
NEBRASKA,HOLT,2006,92.50641560030137
NEBRASKA,HOLT,2007,93.05745623064844
NEBRASKA,HOLT,2008,93.26480381206234
NEBRASKA,HOLT,2009,93.47215139347624
NEBRASKA,HOLT,2010,93.67949897489017
NEBRASKA,HOLT,2011,93.88684655630406
NEBRASKA,HOLT,2012,94.09419413771796
NEBRASKA,HOLT,2013,92.7257487646453
NEBRASKA,HOLT,2014,91.35730339157264
NEBRASKA,HOLT,2015,89.98885801849997
NEBRASKA,HOLT,2016,88.6204126454273
NEBRASKA,HOLT,2017,87.25196727235463
NEBRASKA,HOLT,2018,86.60941406873947
NEBRASKA,HOLT,2019,85.9668608651243
NEBRASKA,HOLT,2020,85.32430766150915
NEBRASKA,HOLT,2021,84.68175445789399
NEBRASKA,HOLT,2022,84.03920125427882
NEBRASKA,HOLT,2023,84.03920125427882
NEBRASKA,HOLT,2024,84.03920125427882
NEBRASKA,HOOKER,2002,
NEBRASKA,HOOKER,2003,
NEBRASKA,HOOKER,2004,
NEBRASKA,HOOKER,2005,
NEBRASKA,HOOKER,2006,
NEBRASKA,HOOKER,2007,
NEBRASKA,HOOKER,2008,
NEBRASKA,HOOKER,2009,
NEBRASKA,HOOKER,2010,
NEBRASKA,HOOKER,2011,
NEBRASKA,HOOKER,2012,
NEBRASKA,HOOKER,2013,
NEBRASKA,HOOKER,2014,
NEBRASKA,HOOKER,2015,
NEBRASKA,HOOKER,2016,
NEBRASKA,HOOKER,2017,
NEBRASKA,HOOKER,2018,
NEBRASKA,HOOKER,2019,
NEBRASKA,HOOKER,2020,
NEBRASKA,HOOKER,2021,
NEBRASKA,HOOKER,2022,
NEBRASKA,HOOKER,2023,
NEBRASKA,HOOKER,2024,
NEBRASKA,HOWARD,2002,90.39702450044308
NEBRASKA,HOWARD,2003,89.93538170712544
NEBRASKA,HOWARD,2004,89.47373891380781
NEBRASKA,HOWARD,2005,89.01209612049016
NEBRASKA,HOWARD,2006,88.55045332717252
NEBRASKA,HOWARD,2007,88.08881053385488
NEBRASKA,HOWARD,2008,87.32951064213924
NEBRASKA,HOWARD,2009,86.57021075042361
NEBRASKA,HOWARD,2010,85.81091085870797
NEBRASKA,HOWARD,2011,85.05161096699234
NEBRASKA,HOWARD,2012,84.2923110752767
NEBRASKA,HOWARD,2013,83.21965599321348
NEBRASKA,HOWARD,2014,82.14700091115026
NEBRASKA,HOWARD,2015,81.07434582908704
NEBRASKA,HOWARD,2016,80.00169074702382
NEBRASKA,HOWARD,2017,78.9290356649606
NEBRASKA,HOWARD,2018,78.96495555146709
NEBRASKA,HOWARD,2019,79.00087543797358
NEBRASKA,HOWARD,2020,79.03679532448005
NEBRASKA,HOWARD,2021,79.07271521098654
NEBRASKA,HOWARD,2022,79.10863509749304
NEBRASKA,HOWARD,2023,79.10863509749304
NEBRASKA,HOWARD,2024,79.10863509749304
NEBRASKA,JEFFERSON,2002,47.91980275110304
NEBRASKA,JEFFERSON,2003,49.059701560103946
NEBRASKA,JEFFERSON,2004,50.19960036910486
NEBRASKA,JEFFERSON,2005,51.339499178105775
NEBRASKA,JEFFERSON,2006,52.47939798710669
NEBRASKA,JEFFERSON,2007,53.6192967961076
NEBRASKA,JEFFERSON,2008,51.312008803447846
NEBRASKA,JEFFERSON,2009,49.00472081078809
NEBRASKA,JEFFERSON,2010,46.69743281812834
NEBRASKA,JEFFERSON,2011,44.39014482546859
NEBRASKA,JEFFERSON,2012,42.08285683280884
NEBRASKA,JEFFERSON,2013,42.4227753802823
NEBRASKA,JEFFERSON,2014,42.76269392775578
NEBRASKA,JEFFERSON,2015,43.10261247522924
NEBRASKA,JEFFERSON,2016,43.44253102270272
NEBRASKA,JEFFERSON,2017,43.78244957017618
NEBRASKA,JEFFERSON,2018,44.30355900420671
NEBRASKA,JEFFERSON,2019,44.82466843823725
NEBRASKA,JEFFERSON,2020,45.345777872267774
NEBRASKA,JEFFERSON,2021,45.86688730629831
NEBRASKA,JEFFERSON,2022,46.38799674032884
NEBRASKA,JEFFERSON,2023,46.38799674032884
NEBRASKA,JEFFERSON,2024,46.38799674032884
NEBRASKA,JOHNSON,2002,17.317868030977326
NEBRASKA,JOHNSON,2003,17.841019680597245
NEBRASKA,JOHNSON,2004,18.36417133021716
NEBRASKA,JOHNSON,2005,18.88732297983708
NEBRASKA,JOHNSON,2006,19.410474629457
NEBRASKA,JOHNSON,2007,19.933626279076915
NEBRASKA,JOHNSON,2008,19.75481598175023
NEBRASKA,JOHNSON,2009,19.57600568442355
NEBRASKA,JOHNSON,2010,19.397195387096865
NEBRASKA,JOHNSON,2011,19.218385089770184
NEBRASKA,JOHNSON,2012,19.0395747924435
NEBRASKA,JOHNSON,2013,19.239847403735222
NEBRASKA,JOHNSON,2014,19.44012001502695
NEBRASKA,JOHNSON,2015,19.640392626318672
NEBRASKA,JOHNSON,2016,19.8406652376104
NEBRASKA,JOHNSON,2017,20.04093784890212
NEBRASKA,JOHNSON,2018,19.35960547287096
NEBRASKA,JOHNSON,2019,18.678273096839785
NEBRASKA,JOHNSON,2020,17.996940720808617
NEBRASKA,JOHNSON,2021,17.31560834477745
NEBRASKA,JOHNSON,2022,16.63427596874628
NEBRASKA,JOHNSON,2023,16.63427596874628
NEBRASKA,JOHNSON,2024,16.63427596874628
NEBRASKA,KEARNEY,2002,88.70396741951369
NEBRASKA,KEARNEY,2003,88.69359956996126
NEBRASKA,KEARNEY,2004,88.68323172040884
NEBRASKA,KEARNEY,2005,88.67286387085642
NEBRASKA,KEARNEY,2006,88.662496021304
NEBRASKA,KEARNEY,2007,88.65212817175157
NEBRASKA,KEARNEY,2008,88.31497245942747
NEBRASKA,KEARNEY,2009,87.97781674710336
NEBRASKA,KEARNEY,2010,87.64066103477927
NEBRASKA,KEARNEY,2011,87.30350532245517
NEBRASKA,KEARNEY,2012,86.96634961013106
NEBRASKA,KEARNEY,2013,86.45241602725213
NEBRASKA,KEARNEY,2014,85.93848244437318
NEBRASKA,KEARNEY,2015,85.42454886149424
NEBRASKA,KEARNEY,2016,84.9106152786153
NEBRASKA,KEARNEY,2017,84.39668169573636
NEBRASKA,KEARNEY,2018,81.54667056496437
NEBRASKA,KEARNEY,2019,78.6966594341924
NEBRASKA,KEARNEY,2020,75.84664830342041
NEBRASKA,KEARNEY,2021,72.99663717264843
NEBRASKA,KEARNEY,2022,70.14662604187644
NEBRASKA,KEARNEY,2023,70.14662604187644
NEBRASKA,KEARNEY,2024,70.14662604187644
NEBRASKA,KEITH,2002,75.35719526674582
NEBRASKA,KEITH,2003,76.09452660855887
NEBRASKA,KEITH,2004,76.83185795037191
NEBRASKA,KEITH,2005,77.56918929218496
NEBRASKA,KEITH,2006,78.306520633998
NEBRASKA,KEITH,2007,79.04385197581105
NEBRASKA,KEITH,2008,77.10258290414957
NEBRASKA,KEITH,2009,75.16131383248809
NEBRASKA,KEITH,2010,73.2200447608266
NEBRASKA,KEITH,2011,71.27877568916512
NEBRASKA,KEITH,2012,69.33750661750364
NEBRASKA,KEITH,2013,64.62405503517755
NEBRASKA,KEITH,2014,59.91060345285146
NEBRASKA,KEITH,2015,55.19715187052537
NEBRASKA,KEITH,2016,50.48370028819928
NEBRASKA,KEITH,2017,45.77024870587319
NEBRASKA,KEITH,2018,48.29694882152919
NEBRASKA,KEITH,2019,50.82364893718519
NEBRASKA,KEITH,2020,53.3503490528412
NEBRASKA,KEITH,2021,55.8770491684972
NEBRASKA,KEITH,2022,58.40374928415319
NEBRASKA,KEITH,2023,58.40374928415319
NEBRASKA,KEITH,2024,58.40374928415319
NEBRASKA,KEYA PAHA,2002,97.0294280955025
NEBRASKA,KEYA PAHA,2003,93.91751019093046
NEBRASKA,KEYA PAHA,2004,90.80559228635842
NEBRASKA,KEYA PAHA,2005,87.69367438178638
NEBRASKA,KEYA PAHA,2006,84.58175647721434
NEBRASKA,KEYA PAHA,2007,81.4698385726423
NEBRASKA,KEYA PAHA,2008,82.19613469600314
NEBRASKA,KEYA PAHA,2009,82.92243081936398
NEBRASKA,KEYA PAHA,2010,83.6487269427248
NEBRASKA,KEYA PAHA,2011,84.37502306608565
NEBRASKA,KEYA PAHA,2012,85.10131918944649
NEBRASKA,KEYA PAHA,2013,83.421163075473
NEBRASKA,KEYA PAHA,2014,81.74100696149952
NEBRASKA,KEYA PAHA,2015,80.06085084752605
NEBRASKA,KEYA PAHA,2016,78.38069473355257
NEBRASKA,KEYA PAHA,2017,76.70053861957909
NEBRASKA,KEYA PAHA,2018,70.02418782028977
NEBRASKA,KEYA PAHA,2019,63.34783702100044
NEBRASKA,KEYA PAHA,2020,56.67148622171111
NEBRASKA,KEYA PAHA,2021,49.99513542242178
NEBRASKA,KEYA PAHA,2022,43.31878462313245
NEBRASKA,KEYA PAHA,2023,43.31878462313245
NEBRASKA,KEYA PAHA,2024,43.31878462313245
NEBRASKA,KIMBALL,2002,62.07961186459367
NEBRASKA,KIMBALL,2003,63.76556036871614
NEBRASKA,KIMBALL,2004,65.4515088728386
NEBRASKA,KIMBALL,2005,67.13745737696108
NEBRASKA,KIMBALL,2006,68.82340588108354
NEBRASKA,KIMBALL,2007,70.50935438520601
NEBRASKA,KIMBALL,2008,65.8728545739385
NEBRASKA,KIMBALL,2009,61.23635476267097
NEBRASKA,KIMBALL,2010,56.59985495140345
NEBRASKA,KIMBALL,2011,51.96335514013593
NEBRASKA,KIMBALL,2012,47.32685532886841
NEBRASKA,KIMBALL,2013,44.64932910275304
NEBRASKA,KIMBALL,2014,41.97180287663767
NEBRASKA,KIMBALL,2015,39.2942766505223
NEBRASKA,KIMBALL,2016,36.61675042440693
NEBRASKA,KIMBALL,2017,33.939224198291555
NEBRASKA,KIMBALL,2018,32.00012955764614
NEBRASKA,KIMBALL,2019,30.061034917000725
NEBRASKA,KIMBALL,2020,28.12194027635531
NEBRASKA,KIMBALL,2021,26.182845635709896
NEBRASKA,KIMBALL,2022,24.24375099506448
NEBRASKA,KIMBALL,2023,24.24375099506448
NEBRASKA,KIMBALL,2024,24.24375099506448
NEBRASKA,KNOX,2002,27.711245659335766
NEBRASKA,KNOX,2003,28.130389444573865
NEBRASKA,KNOX,2004,28.549533229811964
NEBRASKA,KNOX,2005,28.968677015050066
NEBRASKA,KNOX,2006,29.38782080028816
NEBRASKA,KNOX,2007,29.80696458552626
NEBRASKA,KNOX,2008,31.9939156243251
NEBRASKA,KNOX,2009,34.18086666312394
NEBRASKA,KNOX,2010,36.36781770192278
NEBRASKA,KNOX,2011,38.55476874072163
NEBRASKA,KNOX,2012,40.74171977952047
NEBRASKA,KNOX,2013,38.766708938467175
NEBRASKA,KNOX,2014,36.791698097413885
NEBRASKA,KNOX,2015,34.816687256360595
NEBRASKA,KNOX,2016,32.84167641530731
NEBRASKA,KNOX,2017,30.86666557425402
NEBRASKA,KNOX,2018,32.86510149269951
NEBRASKA,KNOX,2019,34.863537411145
NEBRASKA,KNOX,2020,36.86197332959049
NEBRASKA,KNOX,2021,38.86040924803599
NEBRASKA,KNOX,2022,40.85884516648147
NEBRASKA,KNOX,2023,40.85884516648147
NEBRASKA,KNOX,2024,40.85884516648147
NEBRASKA,LANCASTER,2002,6.85356072109956
NEBRASKA,LANCASTER,2003,6.93024097311817
NEBRASKA,LANCASTER,2004,7.006921225136781
NEBRASKA,LANCASTER,2005,7.083601477155392
NEBRASKA,LANCASTER,2006,7.160281729174002
NEBRASKA,LANCASTER,2007,7.236961981192613
NEBRASKA,LANCASTER,2008,7.273463601030304
NEBRASKA,LANCASTER,2009,7.309965220867994
NEBRASKA,LANCASTER,2010,7.346466840705685
NEBRASKA,LANCASTER,2011,7.382968460543375
NEBRASKA,LANCASTER,2012,7.419470080381066
NEBRASKA,LANCASTER,2013,7.164331555538091
NEBRASKA,LANCASTER,2014,6.909193030695116
NEBRASKA,LANCASTER,2015,6.654054505852141
NEBRASKA,LANCASTER,2016,6.398915981009165
NEBRASKA,LANCASTER,2017,6.14377745616619
NEBRASKA,LANCASTER,2018,6.41519956816064
NEBRASKA,LANCASTER,2019,6.686621680155088
NEBRASKA,LANCASTER,2020,6.958043792149538
NEBRASKA,LANCASTER,2021,7.2294659041439875
NEBRASKA,LANCASTER,2022,7.500888016138436
NEBRASKA,LANCASTER,2023,7.500888016138436
NEBRASKA,LANCASTER,2024,7.500888016138436
NEBRASKA,LINCOLN,2002,95.5490828723252
NEBRASKA,LINCOLN,2003,92.99166183778148
NEBRASKA,LINCOLN,2004,90.43424080323778
NEBRASKA,LINCOLN,2005,87.87681976869409
NEBRASKA,LINCOLN,2006,85.31939873415038
NEBRASKA,LINCOLN,2007,82.76197769960669
NEBRASKA,LINCOLN,2008,82.63113740530139
NEBRASKA,LINCOLN,2009,82.50029711099609
NEBRASKA,LINCOLN,2010,82.36945681669079
NEBRASKA,LINCOLN,2011,82.23861652238548
NEBRASKA,LINCOLN,2012,82.10777622808018
NEBRASKA,LINCOLN,2013,80.58147553450915
NEBRASKA,LINCOLN,2014,79.05517484093812
NEBRASKA,LINCOLN,2015,77.5288741473671
NEBRASKA,LINCOLN,2016,76.00257345379607
NEBRASKA,LINCOLN,2017,74.47627276022504
NEBRASKA,LINCOLN,2018,71.70937264635978
NEBRASKA,LINCOLN,2019,68.94247253249452
NEBRASKA,LINCOLN,2020,66.17557241862926
NEBRASKA,LINCOLN,2021,63.40867230476398
NEBRASKA,LINCOLN,2022,60.64177219089872
NEBRASKA,LINCOLN,2023,60.64177219089872
NEBRASKA,LINCOLN,2024,60.64177219089872
NEBRASKA,LOGAN,2002,90.09658549857164
NEBRASKA,LOGAN,2003,86.2968926159763
NEBRASKA,LOGAN,2004,82.49719973338097
NEBRASKA,LOGAN,2005,78.69750685078564
NEBRASKA,LOGAN,2006,74.8978139681903
NEBRASKA,LOGAN,2007,71.09812108559498
NEBRASKA,LOGAN,2008,72.32034108782632
NEBRASKA,LOGAN,2009,73.54256109005766
NEBRASKA,LOGAN,2010,74.76478109228898
NEBRASKA,LOGAN,2011,75.98700109452032
NEBRASKA,LOGAN,2012,77.20922109675166
NEBRASKA,LOGAN,2013,61.76737687740133
NEBRASKA,LOGAN,2014,46.325532658051
NEBRASKA,LOGAN,2015,30.88368843870066
NEBRASKA,LOGAN,2016,15.44184421935033
NEBRASKA,LOGAN,2017,
NEBRASKA,LOGAN,2018,14.282620465619924
NEBRASKA,LOGAN,2019,28.56524093123985
NEBRASKA,LOGAN,2020,42.84786139685977
NEBRASKA,LOGAN,2021,57.1304818624797
NEBRASKA,LOGAN,2022,71.41310232809963
NEBRASKA,LOGAN,2023,71.41310232809963
NEBRASKA,LOGAN,2024,71.41310232809963
NEBRASKA,LOUP,2002,87.32916377113736
NEBRASKA,LOUP,2003,87.48116790327796
NEBRASKA,LOUP,2004,87.63317203541858
NEBRASKA,LOUP,2005,87.78517616755919
NEBRASKA,LOUP,2006,87.9371802996998
NEBRASKA,LOUP,2007,88.08918443184041
NEBRASKA,LOUP,2008,87.28207091039029
NEBRASKA,LOUP,2009,86.47495738894015
NEBRASKA,LOUP,2010,85.66784386749003
NEBRASKA,LOUP,2011,84.8607303460399
NEBRASKA,LOUP,2012,84.05361682458978
NEBRASKA,LOUP,2013,84.12222771764687
NEBRASKA,LOUP,2014,84.19083861070393
NEBRASKA,LOUP,2015,84.25944950376102
NEBRASKA,LOUP,2016,84.32806039681809
NEBRASKA,LOUP,2017,84.39667128987517
NEBRASKA,LOUP,2018,86.97036913653747
NEBRASKA,LOUP,2019,89.54406698319977
NEBRASKA,LOUP,2020,92.11776482986208
NEBRASKA,LOUP,2021,94.69146267652438
NEBRASKA,LOUP,2022,97.26516052318668
NEBRASKA,LOUP,2023,97.26516052318668
NEBRASKA,LOUP,2024,97.26516052318668
NEBRASKA,MADISON,2002,47.10414945455159
NEBRASKA,MADISON,2003,47.87981136962002
NEBRASKA,MADISON,2004,48.65547328468846
NEBRASKA,MADISON,2005,49.431135199756895
NEBRASKA,MADISON,2006,50.206797114825335
NEBRASKA,MADISON,2007,50.98245902989377
NEBRASKA,MADISON,2008,50.88339653575802
NEBRASKA,MADISON,2009,50.784334041622266
NEBRASKA,MADISON,2010,50.68527154748652
NEBRASKA,MADISON,2011,50.58620905335077
NEBRASKA,MADISON,2012,50.48714655921502
NEBRASKA,MADISON,2013,50.38236015706552
NEBRASKA,MADISON,2014,50.27757375491602
NEBRASKA,MADISON,2015,50.17278735276651
NEBRASKA,MADISON,2016,50.06800095061701
NEBRASKA,MADISON,2017,49.96321454846751
NEBRASKA,MADISON,2018,50.02347663287797
NEBRASKA,MADISON,2019,50.08373871728843
NEBRASKA,MADISON,2020,50.14400080169889
NEBRASKA,MADISON,2021,50.20426288610935
NEBRASKA,MADISON,2022,50.26452497051981
NEBRASKA,MADISON,2023,50.26452497051981
NEBRASKA,MADISON,2024,50.26452497051981
NEBRASKA,MCPHERSON,2002,100.0
NEBRASKA,MCPHERSON,2003,100.0
NEBRASKA,MCPHERSON,2004,100.0
NEBRASKA,MCPHERSON,2005,100.0
NEBRASKA,MCPHERSON,2006,100.0
NEBRASKA,MCPHERSON,2007,100.0
NEBRASKA,MCPHERSON,2008,97.81766650921116
NEBRASKA,MCPHERSON,2009,95.6353330184223
NEBRASKA,MCPHERSON,2010,93.45299952763344
NEBRASKA,MCPHERSON,2011,91.2706660368446
NEBRASKA,MCPHERSON,2012,89.08833254605574
NEBRASKA,MCPHERSON,2013,90.82264765660337
NEBRASKA,MCPHERSON,2014,92.55696276715096
NEBRASKA,MCPHERSON,2015,94.29127787769858
NEBRASKA,MCPHERSON,2016,96.0255929882462
NEBRASKA,MCPHERSON,2017,97.7599080987938
NEBRASKA,MCPHERSON,2018,78.20792647903504
NEBRASKA,MCPHERSON,2019,58.65594485927628
NEBRASKA,MCPHERSON,2020,39.103963239517526
NEBRASKA,MCPHERSON,2021,19.551981619758763
NEBRASKA,MCPHERSON,2022,
NEBRASKA,MCPHERSON,2023,
NEBRASKA,MCPHERSON,2024,
NEBRASKA,MERRICK,2002,93.9714824048248
NEBRASKA,MERRICK,2003,93.8250430940246
NEBRASKA,MERRICK,2004,93.67860378322445
NEBRASKA,MERRICK,2005,93.53216447242424
NEBRASKA,MERRICK,2006,93.38572516162408
NEBRASKA,MERRICK,2007,93.23928585082388
NEBRASKA,MERRICK,2008,92.77100258146638
NEBRASKA,MERRICK,2009,92.30271931210886
NEBRASKA,MERRICK,2010,91.83443604275136
NEBRASKA,MERRICK,2011,91.36615277339384
NEBRASKA,MERRICK,2012,90.89786950403636
NEBRASKA,MERRICK,2013,90.1927552471759
NEBRASKA,MERRICK,2014,89.48764099031546
NEBRASKA,MERRICK,2015,88.782526733455
NEBRASKA,MERRICK,2016,88.07741247659456
NEBRASKA,MERRICK,2017,87.3722982197341
NEBRASKA,MERRICK,2018,87.03045847650985
NEBRASKA,MERRICK,2019,86.68861873328558
NEBRASKA,MERRICK,2020,86.34677899006132
NEBRASKA,MERRICK,2021,86.00493924683705
NEBRASKA,MERRICK,2022,85.6630995036128
NEBRASKA,MERRICK,2023,85.6630995036128
NEBRASKA,MERRICK,2024,85.6630995036128
NEBRASKA,MORRILL,2002,98.6216170785006
NEBRASKA,MORRILL,2003,97.70899291245593
NEBRASKA,MORRILL,2004,96.79636874641126
NEBRASKA,MORRILL,2005,95.8837445803666
NEBRASKA,MORRILL,2006,94.97112041432192
NEBRASKA,MORRILL,2007,94.05849624827728
NEBRASKA,MORRILL,2008,94.6626989344514
NEBRASKA,MORRILL,2009,95.26690162062556
NEBRASKA,MORRILL,2010,95.8711043067997
NEBRASKA,MORRILL,2011,96.47530699297384
NEBRASKA,MORRILL,2012,97.07950967914798
NEBRASKA,MORRILL,2013,94.45951784657817
NEBRASKA,MORRILL,2014,91.83952601400831
NEBRASKA,MORRILL,2015,89.2195341814385
NEBRASKA,MORRILL,2016,86.59954234886868
NEBRASKA,MORRILL,2017,83.97955051629886
NEBRASKA,MORRILL,2018,83.13191755934385
NEBRASKA,MORRILL,2019,82.28428460238885
NEBRASKA,MORRILL,2020,81.43665164543384
NEBRASKA,MORRILL,2021,80.58901868847884
NEBRASKA,MORRILL,2022,79.74138573152383
NEBRASKA,MORRILL,2023,79.74138573152383
NEBRASKA,MORRILL,2024,79.74138573152383
NEBRASKA,NANCE,2002,63.499861992823625
NEBRASKA,NANCE,2003,63.84314040186016
NEBRASKA,NANCE,2004,64.1864188108967
NEBRASKA,NANCE,2005,64.52969721993323
NEBRASKA,NANCE,2006,64.87297562896977
NEBRASKA,NANCE,2007,65.2162540380063
NEBRASKA,NANCE,2008,64.14398527055779
NEBRASKA,NANCE,2009,63.07171650310929
NEBRASKA,NANCE,2010,61.9994477356608
NEBRASKA,NANCE,2011,60.92717896821229
NEBRASKA,NANCE,2012,59.85491020076379
NEBRASKA,NANCE,2013,58.67670280972403
NEBRASKA,NANCE,2014,57.49849541868426
NEBRASKA,NANCE,2015,56.320288027644494
NEBRASKA,NANCE,2016,55.14208063660472
NEBRASKA,NANCE,2017,53.96387324556496
NEBRASKA,NANCE,2018,53.373047845727584
NEBRASKA,NANCE,2019,52.78222244589021
NEBRASKA,NANCE,2020,52.19139704605284
NEBRASKA,NANCE,2021,51.60057164621546
NEBRASKA,NANCE,2022,51.009746246378086
NEBRASKA,NANCE,2023,51.009746246378086
NEBRASKA,NANCE,2024,51.009746246378086
NEBRASKA,NEMAHA,2002,3.185829551185073
NEBRASKA,NEMAHA,2003,4.328257701702724
NEBRASKA,NEMAHA,2004,5.470685852220376
NEBRASKA,NEMAHA,2005,6.613114002738026
NEBRASKA,NEMAHA,2006,7.755542153255677
NEBRASKA,NEMAHA,2007,8.897970303773327
NEBRASKA,NEMAHA,2008,8.640895948434821
NEBRASKA,NEMAHA,2009,8.383821593096314
NEBRASKA,NEMAHA,2010,8.126747237757808
NEBRASKA,NEMAHA,2011,7.869672882419302
NEBRASKA,NEMAHA,2012,7.612598527080795
NEBRASKA,NEMAHA,2013,7.772389220604176
NEBRASKA,NEMAHA,2014,7.932179914127557
NEBRASKA,NEMAHA,2015,8.09197060765094
NEBRASKA,NEMAHA,2016,8.25176130117432
NEBRASKA,NEMAHA,2017,8.411551994697701
NEBRASKA,NEMAHA,2018,9.647776722813468
NEBRASKA,NEMAHA,2019,10.884001450929231
NEBRASKA,NEMAHA,2020,12.120226179045
NEBRASKA,NEMAHA,2021,13.356450907160768
NEBRASKA,NEMAHA,2022,14.592675635276532
NEBRASKA,NEMAHA,2023,14.592675635276532
NEBRASKA,NEMAHA,2024,14.592675635276532
NEBRASKA,NUCKOLLS,2002,53.45304912179846
NEBRASKA,NUCKOLLS,2003,52.86650673024111
NEBRASKA,NUCKOLLS,2004,52.27996433868376
NEBRASKA,NUCKOLLS,2005,51.69342194712642
NEBRASKA,NUCKOLLS,2006,51.106879555569066
NEBRASKA,NUCKOLLS,2007,50.52033716401172
NEBRASKA,NUCKOLLS,2008,48.31248621089047
NEBRASKA,NUCKOLLS,2009,46.10463525776922
NEBRASKA,NUCKOLLS,2010,43.896784304647966
NEBRASKA,NUCKOLLS,2011,41.68893335152672
NEBRASKA,NUCKOLLS,2012,39.48108239840547
NEBRASKA,NUCKOLLS,2013,39.12423630109138
NEBRASKA,NUCKOLLS,2014,38.76739020377729
NEBRASKA,NUCKOLLS,2015,38.4105441064632
NEBRASKA,NUCKOLLS,2016,38.05369800914911
NEBRASKA,NUCKOLLS,2017,37.69685191183502
NEBRASKA,NUCKOLLS,2018,37.550777502735045
NEBRASKA,NUCKOLLS,2019,37.40470309363508
NEBRASKA,NUCKOLLS,2020,37.258628684535104
NEBRASKA,NUCKOLLS,2021,37.11255427543514
NEBRASKA,NUCKOLLS,2022,36.96647986633516
NEBRASKA,NUCKOLLS,2023,36.96647986633516
NEBRASKA,NUCKOLLS,2024,36.96647986633516
NEBRASKA,OTOE,2002,2.5799571474694507
NEBRASKA,OTOE,2003,2.5003100042599824
NEBRASKA,OTOE,2004,2.4206628610505145
NEBRASKA,OTOE,2005,2.3410157178410462
NEBRASKA,OTOE,2006,2.2613685746315784
NEBRASKA,OTOE,2007,2.18172143142211
NEBRASKA,OTOE,2008,2.4266399940928127
NEBRASKA,OTOE,2009,2.6715585567635154
NEBRASKA,OTOE,2010,2.916477119434218
NEBRASKA,OTOE,2011,3.1613956821049207
NEBRASKA,OTOE,2012,3.4063142447756234
NEBRASKA,OTOE,2013,3.797413045729453
NEBRASKA,OTOE,2014,4.188511846683282
NEBRASKA,OTOE,2015,4.579610647637112
NEBRASKA,OTOE,2016,4.9707094485909415
NEBRASKA,OTOE,2017,5.3618082495447705
NEBRASKA,OTOE,2018,5.120308871840589
NEBRASKA,OTOE,2019,4.878809494136407
NEBRASKA,OTOE,2020,4.637310116432225
NEBRASKA,OTOE,2021,4.395810738728043
NEBRASKA,OTOE,2022,4.154311361023861
NEBRASKA,OTOE,2023,4.154311361023861
NEBRASKA,OTOE,2024,4.154311361023861
NEBRASKA,PAWNEE,2002,5.6112657783063495
NEBRASKA,PAWNEE,2003,6.324450437285667
NEBRASKA,PAWNEE,2004,7.037635096264985
NEBRASKA,PAWNEE,2005,7.7508197552443026
NEBRASKA,PAWNEE,2006,8.46400441422362
NEBRASKA,PAWNEE,2007,9.177189073202936
NEBRASKA,PAWNEE,2008,8.41346747825218
NEBRASKA,PAWNEE,2009,7.649745883301422
NEBRASKA,PAWNEE,2010,6.886024288350663
NEBRASKA,PAWNEE,2011,6.122302693399906
NEBRASKA,PAWNEE,2012,5.358581098449148
NEBRASKA,PAWNEE,2013,6.128411649246562
NEBRASKA,PAWNEE,2014,6.898242200043978
NEBRASKA,PAWNEE,2015,7.668072750841392
NEBRASKA,PAWNEE,2016,8.437903301638807
NEBRASKA,PAWNEE,2017,9.207733852436222
NEBRASKA,PAWNEE,2018,8.126189831845856
NEBRASKA,PAWNEE,2019,7.044645811255491
NEBRASKA,PAWNEE,2020,5.963101790665126
NEBRASKA,PAWNEE,2021,4.88155777007476
NEBRASKA,PAWNEE,2022,3.800013749484394
NEBRASKA,PAWNEE,2023,3.800013749484394
NEBRASKA,PAWNEE,2024,3.800013749484394
NEBRASKA,PERKINS,2002,67.40091486814232
NEBRASKA,PERKINS,2003,66.72571660380952
NEBRASKA,PERKINS,2004,66.05051833947671
NEBRASKA,PERKINS,2005,65.37532007514392
NEBRASKA,PERKINS,2006,64.70012181081111
NEBRASKA,PERKINS,2007,64.0249235464783
NEBRASKA,PERKINS,2008,61.51380579313166
NEBRASKA,PERKINS,2009,59.00268803978501
NEBRASKA,PERKINS,2010,56.49157028643836
NEBRASKA,PERKINS,2011,53.980452533091714
NEBRASKA,PERKINS,2012,51.46933477974507
NEBRASKA,PERKINS,2013,49.8508765181733
NEBRASKA,PERKINS,2014,48.232418256601534
NEBRASKA,PERKINS,2015,46.61395999502976
NEBRASKA,PERKINS,2016,44.99550173345799
NEBRASKA,PERKINS,2017,43.37704347188623
NEBRASKA,PERKINS,2018,44.63648577703832
NEBRASKA,PERKINS,2019,45.89592808219042
NEBRASKA,PERKINS,2020,47.15537038734252
NEBRASKA,PERKINS,2021,48.41481269249461
NEBRASKA,PERKINS,2022,49.67425499764671
NEBRASKA,PERKINS,2023,49.67425499764671
NEBRASKA,PERKINS,2024,49.67425499764671
NEBRASKA,PHELPS,2002,95.50569122651471
NEBRASKA,PHELPS,2003,95.3024141420196
NEBRASKA,PHELPS,2004,95.09913705752447
NEBRASKA,PHELPS,2005,94.89585997302936
NEBRASKA,PHELPS,2006,94.69258288853425
NEBRASKA,PHELPS,2007,94.48930580403912
NEBRASKA,PHELPS,2008,93.95733691802585
NEBRASKA,PHELPS,2009,93.42536803201251
NEBRASKA,PHELPS,2010,92.8933991459992
NEBRASKA,PHELPS,2011,92.36143025998592
NEBRASKA,PHELPS,2012,91.8294613739726
NEBRASKA,PHELPS,2013,91.28682942287348
NEBRASKA,PHELPS,2014,90.74419747177436
NEBRASKA,PHELPS,2015,90.20156552067525
NEBRASKA,PHELPS,2016,89.65893356957612
NEBRASKA,PHELPS,2017,89.116301618477
NEBRASKA,PHELPS,2018,86.49001610025286
NEBRASKA,PHELPS,2019,83.86373058202872
NEBRASKA,PHELPS,2020,81.2374450638046
NEBRASKA,PHELPS,2021,78.61115954558046
NEBRASKA,PHELPS,2022,75.98487402735633
NEBRASKA,PHELPS,2023,75.98487402735633
NEBRASKA,PHELPS,2024,75.98487402735633
NEBRASKA,PIERCE,2002,53.25119387159612
NEBRASKA,PIERCE,2003,54.94808661219558
NEBRASKA,PIERCE,2004,56.64497935279504
NEBRASKA,PIERCE,2005,58.3418720933945
NEBRASKA,PIERCE,2006,60.03876483399396
NEBRASKA,PIERCE,2007,61.73565757459342
NEBRASKA,PIERCE,2008,61.48147934550213
NEBRASKA,PIERCE,2009,61.22730111641084
NEBRASKA,PIERCE,2010,60.97312288731955
NEBRASKA,PIERCE,2011,60.71894465822826
NEBRASKA,PIERCE,2012,60.46476642913697
NEBRASKA,PIERCE,2013,59.65029697147472
NEBRASKA,PIERCE,2014,58.83582751381248
NEBRASKA,PIERCE,2015,58.02135805615024
NEBRASKA,PIERCE,2016,57.20688859848799
NEBRASKA,PIERCE,2017,56.39241914082574
NEBRASKA,PIERCE,2018,55.8264777135872
NEBRASKA,PIERCE,2019,55.26053628634867
NEBRASKA,PIERCE,2020,54.69459485911014
NEBRASKA,PIERCE,2021,54.128653431871605
NEBRASKA,PIERCE,2022,53.56271200463307
NEBRASKA,PIERCE,2023,53.56271200463307
NEBRASKA,PIERCE,2024,53.56271200463307
NEBRASKA,PLATTE,2002,60.653098318168055
NEBRASKA,PLATTE,2003,62.15524291882814
NEBRASKA,PLATTE,2004,63.65738751948823
NEBRASKA,PLATTE,2005,65.15953212014831
NEBRASKA,PLATTE,2006,66.66167672080839
NEBRASKA,PLATTE,2007,68.16382132146848
NEBRASKA,PLATTE,2008,67.90401015478477
NEBRASKA,PLATTE,2009,67.64419898810107
NEBRASKA,PLATTE,2010,67.38438782141735
NEBRASKA,PLATTE,2011,67.12457665473364
NEBRASKA,PLATTE,2012,66.86476548804994
NEBRASKA,PLATTE,2013,66.11357704528827
NEBRASKA,PLATTE,2014,65.3623886025266
NEBRASKA,PLATTE,2015,64.61120015976493
NEBRASKA,PLATTE,2016,63.86001171700326
NEBRASKA,PLATTE,2017,63.10882327424159
NEBRASKA,PLATTE,2018,62.30480086683057
NEBRASKA,PLATTE,2019,61.50077845941956
NEBRASKA,PLATTE,2020,60.69675605200854
NEBRASKA,PLATTE,2021,59.89273364459753
NEBRASKA,PLATTE,2022,59.08871123718651
NEBRASKA,PLATTE,2023,59.08871123718651
NEBRASKA,PLATTE,2024,59.08871123718651
NEBRASKA,POLK,2002,75.59521124473353
NEBRASKA,POLK,2003,76.88719571633182
NEBRASKA,POLK,2004,78.1791801879301
NEBRASKA,POLK,2005,79.47116465952838
NEBRASKA,POLK,2006,80.76314913112667
NEBRASKA,POLK,2007,82.05513360272495
NEBRASKA,POLK,2008,81.42794711191499
NEBRASKA,POLK,2009,80.80076062110501
NEBRASKA,POLK,2010,80.17357413029505
NEBRASKA,POLK,2011,79.54638763948508
NEBRASKA,POLK,2012,78.91920114867511
NEBRASKA,POLK,2013,79.17099296354074
NEBRASKA,POLK,2014,79.42278477840638
NEBRASKA,POLK,2015,79.67457659327201
NEBRASKA,POLK,2016,79.92636840813765
NEBRASKA,POLK,2017,80.17816022300327
NEBRASKA,POLK,2018,78.30055797808035
NEBRASKA,POLK,2019,76.42295573315744
NEBRASKA,POLK,2020,74.54535348823451
NEBRASKA,POLK,2021,72.6677512433116
NEBRASKA,POLK,2022,70.79014899838867
NEBRASKA,POLK,2023,70.79014899838867
NEBRASKA,POLK,2024,70.79014899838867
NEBRASKA,RED WILLOW,2002,78.50562947799385
NEBRASKA,RED WILLOW,2003,72.47458709631
NEBRASKA,RED WILLOW,2004,66.44354471462617
NEBRASKA,RED WILLOW,2005,60.41250233294232
NEBRASKA,RED WILLOW,2006,54.38145995125848
NEBRASKA,RED WILLOW,2007,48.35041756957464
NEBRASKA,RED WILLOW,2008,47.63655638718947
NEBRASKA,RED WILLOW,2009,46.9226952048043
NEBRASKA,RED WILLOW,2010,46.20883402241913
NEBRASKA,RED WILLOW,2011,45.49497284003396
NEBRASKA,RED WILLOW,2012,44.78111165764879
NEBRASKA,RED WILLOW,2013,42.600769991171234
NEBRASKA,RED WILLOW,2014,40.42042832469368
NEBRASKA,RED WILLOW,2015,38.240086658216114
NEBRASKA,RED WILLOW,2016,36.05974499173856
NEBRASKA,RED WILLOW,2017,33.879403325260995
NEBRASKA,RED WILLOW,2018,33.94510576077811
NEBRASKA,RED WILLOW,2019,34.01080819629523
NEBRASKA,RED WILLOW,2020,34.076510631812354
NEBRASKA,RED WILLOW,2021,34.14221306732947
NEBRASKA,RED WILLOW,2022,34.20791550284659
NEBRASKA,RED WILLOW,2023,34.20791550284659
NEBRASKA,RED WILLOW,2024,34.20791550284659
NEBRASKA,RICHARDSON,2002,
NEBRASKA,RICHARDSON,2003,0.3574856607749034
NEBRASKA,RICHARDSON,2004,0.7149713215498068
NEBRASKA,RICHARDSON,2005,1.0724569823247103
NEBRASKA,RICHARDSON,2006,1.4299426430996136
NEBRASKA,RICHARDSON,2007,1.7874283038745171
NEBRASKA,RICHARDSON,2008,1.9764197028030843
NEBRASKA,RICHARDSON,2009,2.165411101731652
NEBRASKA,RICHARDSON,2010,2.3544025006602194
NEBRASKA,RICHARDSON,2011,2.5433938995887866
NEBRASKA,RICHARDSON,2012,2.7323852985173542
NEBRASKA,RICHARDSON,2013,3.179755692090135
NEBRASKA,RICHARDSON,2014,3.627126085662917
NEBRASKA,RICHARDSON,2015,4.074496479235697
NEBRASKA,RICHARDSON,2016,4.521866872808478
NEBRASKA,RICHARDSON,2017,4.969237266381259
NEBRASKA,RICHARDSON,2018,5.437823732524844
NEBRASKA,RICHARDSON,2019,5.906410198668429
NEBRASKA,RICHARDSON,2020,6.374996664812015
NEBRASKA,RICHARDSON,2021,6.843583130955601
NEBRASKA,RICHARDSON,2022,7.312169597099186
NEBRASKA,RICHARDSON,2023,7.312169597099186
NEBRASKA,RICHARDSON,2024,7.312169597099186
NEBRASKA,ROCK,2002,99.93594969139396
NEBRASKA,ROCK,2003,99.94875975311518
NEBRASKA,ROCK,2004,99.96156981483638
NEBRASKA,ROCK,2005,99.9743798765576
NEBRASKA,ROCK,2006,99.9871899382788
NEBRASKA,ROCK,2007,100.0
NEBRASKA,ROCK,2008,80.0
NEBRASKA,ROCK,2009,60.0
NEBRASKA,ROCK,2010,40.0
NEBRASKA,ROCK,2011,20.0
NEBRASKA,ROCK,2012,
NEBRASKA,ROCK,2013,16.415678945556486
NEBRASKA,ROCK,2014,32.83135789111297
NEBRASKA,ROCK,2015,49.24703683666946
NEBRASKA,ROCK,2016,65.66271578222594
NEBRASKA,ROCK,2017,82.07839472778242
NEBRASKA,ROCK,2018,83.44248920029723
NEBRASKA,ROCK,2019,84.80658367281204
NEBRASKA,ROCK,2020,86.17067814532683
NEBRASKA,ROCK,2021,87.53477261784164
NEBRASKA,ROCK,2022,88.89886709035645
NEBRASKA,ROCK,2023,88.89886709035645
NEBRASKA,ROCK,2024,88.89886709035645
NEBRASKA,SALINE,2002,52.69862925304892
NEBRASKA,SALINE,2003,51.71167466203962
NEBRASKA,SALINE,2004,50.72472007103031
NEBRASKA,SALINE,2005,49.73776548002101
NEBRASKA,SALINE,2006,48.7508108890117
NEBRASKA,SALINE,2007,47.7638562980024
NEBRASKA,SALINE,2008,47.29505204653399
NEBRASKA,SALINE,2009,46.82624779506558
NEBRASKA,SALINE,2010,46.35744354359717
NEBRASKA,SALINE,2011,45.888639292128765
NEBRASKA,SALINE,2012,45.41983504066035
NEBRASKA,SALINE,2013,46.94047262411623
NEBRASKA,SALINE,2014,48.46111020757209
NEBRASKA,SALINE,2015,49.98174779102796
NEBRASKA,SALINE,2016,51.50238537448383
NEBRASKA,SALINE,2017,53.0230229579397
NEBRASKA,SALINE,2018,52.771779557475135
NEBRASKA,SALINE,2019,52.52053615701057
NEBRASKA,SALINE,2020,52.269292756546
NEBRASKA,SALINE,2021,52.01804935608143
NEBRASKA,SALINE,2022,51.76680595561686
NEBRASKA,SALINE,2023,51.76680595561686
NEBRASKA,SALINE,2024,51.76680595561686
NEBRASKA,SARPY,2002,12.58200382897256
NEBRASKA,SARPY,2003,13.92792768426575
NEBRASKA,SARPY,2004,15.273851539558938
NEBRASKA,SARPY,2005,16.619775394852127
NEBRASKA,SARPY,2006,17.965699250145317
NEBRASKA,SARPY,2007,19.311623105438507
NEBRASKA,SARPY,2008,18.930349111649377
NEBRASKA,SARPY,2009,18.54907511786025
NEBRASKA,SARPY,2010,18.16780112407112
NEBRASKA,SARPY,2011,17.786527130281996
NEBRASKA,SARPY,2012,17.405253136492867
NEBRASKA,SARPY,2013,17.361556957261364
NEBRASKA,SARPY,2014,17.31786077802986
NEBRASKA,SARPY,2015,17.274164598798357
NEBRASKA,SARPY,2016,17.230468419566854
NEBRASKA,SARPY,2017,17.18677224033535
NEBRASKA,SARPY,2018,16.533009437960867
NEBRASKA,SARPY,2019,15.879246635586384
NEBRASKA,SARPY,2020,15.2254838332119
NEBRASKA,SARPY,2021,14.571721030837416
NEBRASKA,SARPY,2022,13.91795822846293
NEBRASKA,SARPY,2023,13.91795822846293
NEBRASKA,SARPY,2024,13.91795822846293
NEBRASKA,SAUNDERS,2002,29.473952786652468
NEBRASKA,SAUNDERS,2003,30.2119596726632
NEBRASKA,SAUNDERS,2004,30.949966558673925
NEBRASKA,SAUNDERS,2005,31.68797344468465
NEBRASKA,SAUNDERS,2006,32.42598033069538
NEBRASKA,SAUNDERS,2007,33.16398721670611
NEBRASKA,SAUNDERS,2008,33.16241839969063
NEBRASKA,SAUNDERS,2009,33.16084958267515
NEBRASKA,SAUNDERS,2010,33.15928076565967
NEBRASKA,SAUNDERS,2011,33.15771194864419
NEBRASKA,SAUNDERS,2012,33.15614313162871
NEBRASKA,SAUNDERS,2013,34.28104188605067
NEBRASKA,SAUNDERS,2014,35.40594064047263
NEBRASKA,SAUNDERS,2015,36.53083939489459
NEBRASKA,SAUNDERS,2016,37.65573814931655
NEBRASKA,SAUNDERS,2017,38.78063690373851
NEBRASKA,SAUNDERS,2018,37.35629703372569
NEBRASKA,SAUNDERS,2019,35.931957163712866
NEBRASKA,SAUNDERS,2020,34.50761729370004
NEBRASKA,SAUNDERS,2021,33.083277423687214
NEBRASKA,SAUNDERS,2022,31.65893755367439
NEBRASKA,SAUNDERS,2023,31.65893755367439
NEBRASKA,SAUNDERS,2024,31.65893755367439
NEBRASKA,SCOTTS BLUFF,2002,99.0256711006851
NEBRASKA,SCOTTS BLUFF,2003,99.11761918935186
NEBRASKA,SCOTTS BLUFF,2004,99.2095672780186
NEBRASKA,SCOTTS BLUFF,2005,99.30151536668536
NEBRASKA,SCOTTS BLUFF,2006,99.3934634553521
NEBRASKA,SCOTTS BLUFF,2007,99.48541154401886
NEBRASKA,SCOTTS BLUFF,2008,99.04567507210056
NEBRASKA,SCOTTS BLUFF,2009,98.60593860018228
NEBRASKA,SCOTTS BLUFF,2010,98.16620212826398
NEBRASKA,SCOTTS BLUFF,2011,97.72646565634568
NEBRASKA,SCOTTS BLUFF,2012,97.2867291844274
NEBRASKA,SCOTTS BLUFF,2013,96.58088680383923
NEBRASKA,SCOTTS BLUFF,2014,95.8750444232511
NEBRASKA,SCOTTS BLUFF,2015,95.16920204266296
NEBRASKA,SCOTTS BLUFF,2016,94.4633596620748
NEBRASKA,SCOTTS BLUFF,2017,93.75751728148668
NEBRASKA,SCOTTS BLUFF,2018,92.27717386751536
NEBRASKA,SCOTTS BLUFF,2019,90.79683045354406
NEBRASKA,SCOTTS BLUFF,2020,89.31648703957276
NEBRASKA,SCOTTS BLUFF,2021,87.83614362560145
NEBRASKA,SCOTTS BLUFF,2022,86.35580021163015
NEBRASKA,SCOTTS BLUFF,2023,86.35580021163015
NEBRASKA,SCOTTS BLUFF,2024,86.35580021163015
NEBRASKA,SEWARD,2002,54.63620842621655
NEBRASKA,SEWARD,2003,55.93954502272586
NEBRASKA,SEWARD,2004,57.24288161923516
NEBRASKA,SEWARD,2005,58.54621821574448
NEBRASKA,SEWARD,2006,59.84955481225378
NEBRASKA,SEWARD,2007,61.15289140876309
NEBRASKA,SEWARD,2008,59.79054855079533
NEBRASKA,SEWARD,2009,58.42820569282757
NEBRASKA,SEWARD,2010,57.0658628348598
NEBRASKA,SEWARD,2011,55.70351997689204
NEBRASKA,SEWARD,2012,54.34117711892428
NEBRASKA,SEWARD,2013,54.06397388251668
NEBRASKA,SEWARD,2014,53.78677064610908
NEBRASKA,SEWARD,2015,53.50956740970148
NEBRASKA,SEWARD,2016,53.23236417329388
NEBRASKA,SEWARD,2017,52.95516093688628
NEBRASKA,SEWARD,2018,54.681438052379946
NEBRASKA,SEWARD,2019,56.40771516787362
NEBRASKA,SEWARD,2020,58.13399228336728
NEBRASKA,SEWARD,2021,59.86026939886096
NEBRASKA,SEWARD,2022,61.58654651435462
NEBRASKA,SEWARD,2023,61.58654651435462
NEBRASKA,SEWARD,2024,61.58654651435462
NEBRASKA,SHERIDAN,2002,92.41808827511508
NEBRASKA,SHERIDAN,2003,91.94332547231176
NEBRASKA,SHERIDAN,2004,91.46856266950844
NEBRASKA,SHERIDAN,2005,90.99379986670512
NEBRASKA,SHERIDAN,2006,90.5190370639018
NEBRASKA,SHERIDAN,2007,90.04427426109848
NEBRASKA,SHERIDAN,2008,87.56985443470862
NEBRASKA,SHERIDAN,2009,85.09543460831877
NEBRASKA,SHERIDAN,2010,82.6210147819289
NEBRASKA,SHERIDAN,2011,80.14659495553906
NEBRASKA,SHERIDAN,2012,77.6721751291492
NEBRASKA,SHERIDAN,2013,75.28010996261622
NEBRASKA,SHERIDAN,2014,72.88804479608326
NEBRASKA,SHERIDAN,2015,70.49597962955029
NEBRASKA,SHERIDAN,2016,68.10391446301733
NEBRASKA,SHERIDAN,2017,65.71184929648436
NEBRASKA,SHERIDAN,2018,66.53948620525645
NEBRASKA,SHERIDAN,2019,67.36712311402854
NEBRASKA,SHERIDAN,2020,68.19476002280064
NEBRASKA,SHERIDAN,2021,69.02239693157273
NEBRASKA,SHERIDAN,2022,69.85003384034482
NEBRASKA,SHERIDAN,2023,69.85003384034482
NEBRASKA,SHERIDAN,2024,69.85003384034482
NEBRASKA,SHERMAN,2002,89.44911089268162
NEBRASKA,SHERMAN,2003,87.57512874110704
NEBRASKA,SHERMAN,2004,85.70114658953246
NEBRASKA,SHERMAN,2005,83.82716443795789
NEBRASKA,SHERMAN,2006,81.95318228638331
NEBRASKA,SHERMAN,2007,80.07920013480873
NEBRASKA,SHERMAN,2008,79.82128243331756
NEBRASKA,SHERMAN,2009,79.56336473182638
NEBRASKA,SHERMAN,2010,79.30544703033522
NEBRASKA,SHERMAN,2011,79.04752932884404
NEBRASKA,SHERMAN,2012,78.78961162735287
NEBRASKA,SHERMAN,2013,77.47313739000909
NEBRASKA,SHERMAN,2014,76.15666315266532
NEBRASKA,SHERMAN,2015,74.84018891532153
NEBRASKA,SHERMAN,2016,73.52371467797776
NEBRASKA,SHERMAN,2017,72.20724044063398
NEBRASKA,SHERMAN,2018,70.01096645894314
NEBRASKA,SHERMAN,2019,67.81469247725232
NEBRASKA,SHERMAN,2020,65.61841849556149
NEBRASKA,SHERMAN,2021,63.42214451387065
NEBRASKA,SHERMAN,2022,61.22587053217982
NEBRASKA,SHERMAN,2023,61.22587053217982
NEBRASKA,SHERMAN,2024,61.22587053217982
NEBRASKA,SIOUX,2002,98.52971773354602
NEBRASKA,SIOUX,2003,98.8111471995212
NEBRASKA,SIOUX,2004,99.09257666549638
NEBRASKA,SIOUX,2005,99.37400613147156
NEBRASKA,SIOUX,2006,99.65543559744673
NEBRASKA,SIOUX,2007,99.9368650634219
NEBRASKA,SIOUX,2008,98.7636168068274
NEBRASKA,SIOUX,2009,97.59036855023292
NEBRASKA,SIOUX,2010,96.41712029363842
NEBRASKA,SIOUX,2011,95.24387203704391
NEBRASKA,SIOUX,2012,94.07062378044942
NEBRASKA,SIOUX,2013,75.25649902435954
NEBRASKA,SIOUX,2014,56.44237426826965
NEBRASKA,SIOUX,2015,37.62824951217976
NEBRASKA,SIOUX,2016,18.81412475608988
NEBRASKA,SIOUX,2017,
NEBRASKA,SIOUX,2018,14.905694269804204
NEBRASKA,SIOUX,2019,29.81138853960841
NEBRASKA,SIOUX,2020,44.71708280941262
NEBRASKA,SIOUX,2021,59.62277707921682
NEBRASKA,SIOUX,2022,74.52847134902102
NEBRASKA,SIOUX,2023,74.52847134902102
NEBRASKA,SIOUX,2024,74.52847134902102
NEBRASKA,STANTON,2002,16.695996160502624
NEBRASKA,STANTON,2003,18.7989069646778
NEBRASKA,STANTON,2004,20.901817768852965
NEBRASKA,STANTON,2005,23.00472857302814
NEBRASKA,STANTON,2006,25.10763937720331
NEBRASKA,STANTON,2007,27.21055018137848
NEBRASKA,STANTON,2008,25.93817098787378
NEBRASKA,STANTON,2009,24.66579179436908
NEBRASKA,STANTON,2010,23.39341260086438
NEBRASKA,STANTON,2011,22.12103340735968
NEBRASKA,STANTON,2012,20.84865421385497
NEBRASKA,STANTON,2013,20.85704997827076
NEBRASKA,STANTON,2014,20.865445742686543
NEBRASKA,STANTON,2015,20.87384150710233
NEBRASKA,STANTON,2016,20.882237271518115
NEBRASKA,STANTON,2017,20.8906330359339
NEBRASKA,STANTON,2018,20.49880524221882
NEBRASKA,STANTON,2019,20.10697744850373
NEBRASKA,STANTON,2020,19.71514965478865
NEBRASKA,STANTON,2021,19.323321861073573
NEBRASKA,STANTON,2022,18.931494067358493
NEBRASKA,STANTON,2023,18.931494067358493
NEBRASKA,STANTON,2024,18.931494067358493
NEBRASKA,THAYER,2002,73.04890252228155
NEBRASKA,THAYER,2003,72.48398189297467
NEBRASKA,THAYER,2004,71.91906126366777
NEBRASKA,THAYER,2005,71.35414063436089
NEBRASKA,THAYER,2006,70.78922000505399
NEBRASKA,THAYER,2007,70.22429937574711
NEBRASKA,THAYER,2008,68.49880983930593
NEBRASKA,THAYER,2009,66.77332030286476
NEBRASKA,THAYER,2010,65.0478307664236
NEBRASKA,THAYER,2011,63.32234122998243
NEBRASKA,THAYER,2012,61.59685169354125
NEBRASKA,THAYER,2013,60.64345833780288
NEBRASKA,THAYER,2014,59.69006498206451
NEBRASKA,THAYER,2015,58.736671626326135
NEBRASKA,THAYER,2016,57.783278270587765
NEBRASKA,THAYER,2017,56.829884914849394
NEBRASKA,THAYER,2018,55.86229468105596
NEBRASKA,THAYER,2019,54.89470444726252
NEBRASKA,THAYER,2020,53.92711421346909
NEBRASKA,THAYER,2021,52.95952397967565
NEBRASKA,THAYER,2022,51.99193374588221
NEBRASKA,THAYER,2023,51.99193374588221
NEBRASKA,THAYER,2024,51.99193374588221
NEBRASKA,THOMAS,2002,
NEBRASKA,THOMAS,2003,
NEBRASKA,THOMAS,2004,
NEBRASKA,THOMAS,2005,
NEBRASKA,THOMAS,2006,
NEBRASKA,THOMAS,2007,
NEBRASKA,THOMAS,2008,
NEBRASKA,THOMAS,2009,
NEBRASKA,THOMAS,2010,
NEBRASKA,THOMAS,2011,
NEBRASKA,THOMAS,2012,
NEBRASKA,THOMAS,2013,
NEBRASKA,THOMAS,2014,
NEBRASKA,THOMAS,2015,
NEBRASKA,THOMAS,2016,
NEBRASKA,THOMAS,2017,
NEBRASKA,THOMAS,2018,
NEBRASKA,THOMAS,2019,
NEBRASKA,THOMAS,2020,
NEBRASKA,THOMAS,2021,
NEBRASKA,THOMAS,2022,
NEBRASKA,THOMAS,2023,
NEBRASKA,THOMAS,2024,
NEBRASKA,THURSTON,2002,6.782363241943494
NEBRASKA,THURSTON,2003,6.57181969765123
NEBRASKA,THURSTON,2004,6.361276153358966
NEBRASKA,THURSTON,2005,6.150732609066703
NEBRASKA,THURSTON,2006,5.940189064774438
NEBRASKA,THURSTON,2007,5.729645520482174
NEBRASKA,THURSTON,2008,6.036133457214712
NEBRASKA,THURSTON,2009,6.342621393947249
NEBRASKA,THURSTON,2010,6.649109330679787
NEBRASKA,THURSTON,2011,6.955597267412323
NEBRASKA,THURSTON,2012,7.262085204144861
NEBRASKA,THURSTON,2013,7.808854977190095
NEBRASKA,THURSTON,2014,8.355624750235329
NEBRASKA,THURSTON,2015,8.902394523280563
NEBRASKA,THURSTON,2016,9.449164296325796
NEBRASKA,THURSTON,2017,9.995934069371032
NEBRASKA,THURSTON,2018,10.592749950309312
NEBRASKA,THURSTON,2019,11.189565831247592
NEBRASKA,THURSTON,2020,11.786381712185872
NEBRASKA,THURSTON,2021,12.38319759312415
NEBRASKA,THURSTON,2022,12.98001347406243
NEBRASKA,THURSTON,2023,12.98001347406243
NEBRASKA,THURSTON,2024,12.98001347406243
NEBRASKA,VALLEY,2002,90.12368200226204
NEBRASKA,VALLEY,2003,89.1662781909669
NEBRASKA,VALLEY,2004,88.20887437967177
NEBRASKA,VALLEY,2005,87.25147056837665
NEBRASKA,VALLEY,2006,86.29406675708151
NEBRASKA,VALLEY,2007,85.33666294578639
NEBRASKA,VALLEY,2008,84.97878160594823
NEBRASKA,VALLEY,2009,84.62090026611008
NEBRASKA,VALLEY,2010,84.26301892627193
NEBRASKA,VALLEY,2011,83.90513758643378
NEBRASKA,VALLEY,2012,83.54725624659562
NEBRASKA,VALLEY,2013,83.84650747715611
NEBRASKA,VALLEY,2014,84.14575870771658
NEBRASKA,VALLEY,2015,84.44500993827707
NEBRASKA,VALLEY,2016,84.74426116883754
NEBRASKA,VALLEY,2017,85.04351239939803
NEBRASKA,VALLEY,2018,82.45921079097812
NEBRASKA,VALLEY,2019,79.87490918255821
NEBRASKA,VALLEY,2020,77.29060757413829
NEBRASKA,VALLEY,2021,74.70630596571839
NEBRASKA,VALLEY,2022,72.12200435729848
NEBRASKA,VALLEY,2023,72.12200435729848
NEBRASKA,VALLEY,2024,72.12200435729848
NEBRASKA,WASHINGTON,2002,12.367012109653256
NEBRASKA,WASHINGTON,2003,12.73749907220075
NEBRASKA,WASHINGTON,2004,13.107986034748242
NEBRASKA,WASHINGTON,2005,13.478472997295736
NEBRASKA,WASHINGTON,2006,13.848959959843228
NEBRASKA,WASHINGTON,2007,14.219446922390722
NEBRASKA,WASHINGTON,2008,13.56938428865934
NEBRASKA,WASHINGTON,2009,12.91932165492796
NEBRASKA,WASHINGTON,2010,12.26925902119658
NEBRASKA,WASHINGTON,2011,11.6191963874652
NEBRASKA,WASHINGTON,2012,10.96913375373382
NEBRASKA,WASHINGTON,2013,11.733891725351306
NEBRASKA,WASHINGTON,2014,12.49864969696879
NEBRASKA,WASHINGTON,2015,13.263407668586275
NEBRASKA,WASHINGTON,2016,14.028165640203763
NEBRASKA,WASHINGTON,2017,14.792923611821248
NEBRASKA,WASHINGTON,2018,14.492889794691903
NEBRASKA,WASHINGTON,2019,14.19285597756256
NEBRASKA,WASHINGTON,2020,13.892822160433218
NEBRASKA,WASHINGTON,2021,13.592788343303871
NEBRASKA,WASHINGTON,2022,13.29275452617453
NEBRASKA,WASHINGTON,2023,13.29275452617453
NEBRASKA,WASHINGTON,2024,13.29275452617453
NEBRASKA,WAYNE,2002,17.564709128253337
NEBRASKA,WAYNE,2003,18.75232081593347
NEBRASKA,WAYNE,2004,19.9399325036136
NEBRASKA,WAYNE,2005,21.12754419129373
NEBRASKA,WAYNE,2006,22.31515587897386
NEBRASKA,WAYNE,2007,23.50276756665399
NEBRASKA,WAYNE,2008,24.08938377087476
NEBRASKA,WAYNE,2009,24.675999975095515
NEBRASKA,WAYNE,2010,25.26261617931628
NEBRASKA,WAYNE,2011,25.84923238353704
NEBRASKA,WAYNE,2012,26.435848587757803
NEBRASKA,WAYNE,2013,26.9170709094426
NEBRASKA,WAYNE,2014,27.398293231127383
NEBRASKA,WAYNE,2015,27.879515552812176
NEBRASKA,WAYNE,2016,28.36073787449697
NEBRASKA,WAYNE,2017,28.84196019618176
NEBRASKA,WAYNE,2018,30.045787849084945
NEBRASKA,WAYNE,2019,31.24961550198813
NEBRASKA,WAYNE,2020,32.45344315489132
NEBRASKA,WAYNE,2021,33.65727080779451
NEBRASKA,WAYNE,2022,34.8610984606977
NEBRASKA,WAYNE,2023,34.8610984606977
NEBRASKA,WAYNE,2024,34.8610984606977
NEBRASKA,WEBSTER,2002,67.4987423040989
NEBRASKA,WEBSTER,2003,64.44756389210671
NEBRASKA,WEBSTER,2004,61.39638548011454
NEBRASKA,WEBSTER,2005,58.34520706812236
NEBRASKA,WEBSTER,2006,55.29402865613018
NEBRASKA,WEBSTER,2007,52.242850244138005
NEBRASKA,WEBSTER,2008,51.1591833892924
NEBRASKA,WEBSTER,2009,50.07551653444679
NEBRASKA,WEBSTER,2010,48.99184967960119
NEBRASKA,WEBSTER,2011,47.90818282475558
NEBRASKA,WEBSTER,2012,46.82451596990997
NEBRASKA,WEBSTER,2013,46.92251188034635
NEBRASKA,WEBSTER,2014,47.02050779078272
NEBRASKA,WEBSTER,2015,47.1185037012191
NEBRASKA,WEBSTER,2016,47.21649961165547
NEBRASKA,WEBSTER,2017,47.314495522091846
NEBRASKA,WEBSTER,2018,47.40093596701303
NEBRASKA,WEBSTER,2019,47.48737641193421
NEBRASKA,WEBSTER,2020,47.57381685685539
NEBRASKA,WEBSTER,2021,47.66025730177657
NEBRASKA,WEBSTER,2022,47.74669774669775
NEBRASKA,WEBSTER,2023,47.74669774669775
NEBRASKA,WEBSTER,2024,47.74669774669775
NEBRASKA,WHEELER,2002,87.54839189994044
NEBRASKA,WHEELER,2003,87.43648303668098
NEBRASKA,WHEELER,2004,87.32457417342151
NEBRASKA,WHEELER,2005,87.21266531016205
NEBRASKA,WHEELER,2006,87.10075644690258
NEBRASKA,WHEELER,2007,86.98884758364312
NEBRASKA,WHEELER,2008,69.59107806691449
NEBRASKA,WHEELER,2009,52.19330855018588
NEBRASKA,WHEELER,2010,34.79553903345725
NEBRASKA,WHEELER,2011,17.39776951672863
NEBRASKA,WHEELER,2012,
NEBRASKA,WHEELER,2013,17.223715003900494
NEBRASKA,WHEELER,2014,34.44743000780099
NEBRASKA,WHEELER,2015,51.67114501170148
NEBRASKA,WHEELER,2016,68.89486001560198
NEBRASKA,WHEELER,2017,86.11857501950247
NEBRASKA,WHEELER,2018,76.01021910228722
NEBRASKA,WHEELER,2019,65.90186318507199
NEBRASKA,WHEELER,2020,55.79350726785674
NEBRASKA,WHEELER,2021,45.6851513506415
NEBRASKA,WHEELER,2022,35.576795433426255
NEBRASKA,WHEELER,2023,35.576795433426255
NEBRASKA,WHEELER,2024,35.576795433426255
NEBRASKA,YORK,2002,84.65073341901788
NEBRASKA,YORK,2003,85.20044330555811
NEBRASKA,YORK,2004,85.75015319209835
NEBRASKA,YORK,2005,86.29986307863858
NEBRASKA,YORK,2006,86.84957296517882
NEBRASKA,YORK,2007,87.39928285171905
NEBRASKA,YORK,2008,86.73473734122783
NEBRASKA,YORK,2009,86.0701918307366
NEBRASKA,YORK,2010,85.40564632024538
NEBRASKA,YORK,2011,84.74110080975416
NEBRASKA,YORK,2012,84.07655529926294
NEBRASKA,YORK,2013,84.6095363729327
NEBRASKA,YORK,2014,85.14251744660244
NEBRASKA,YORK,2015,85.6754985202722
NEBRASKA,YORK,2016,86.20847959394195
NEBRASKA,YORK,2017,86.7414606676117
NEBRASKA,YORK,2018,85.37943610624217
NEBRASKA,YORK,2019,84.01741154487262
NEBRASKA,YORK,2020,82.65538698350308
NEBRASKA,YORK,2021,81.29336242213353
NEBRASKA,YORK,2022,79.93133786076399
NEBRASKA,YORK,2023,79.93133786076399
NEBRASKA,YORK,2024,79.93133786076399
