prob_bin_lo,prob_bin_hi,prob_bin_mid,frac_irrigated_aimhpa,frac_irrigated_lanid
0.0,0.1,0.05,0.358517585362967,0.1799907561375981
0.1,0.2,0.15,0.4804664595912457,0.294468794842613
0.2,0.3,0.25,0.4984137031211685,0.3148042846368439
0.3,0.4,0.35,0.5121498559450108,0.3313478785588209
0.4,0.5,0.45,0.5235107466282581,0.3451115509508786
0.5,0.6,0.55,0.5349471984357547,0.3588645775783392
0.6,0.7,0.6499999999999999,0.548897800264468,0.3761677670197871
0.7,0.8,0.75,0.5635432794471826,0.3933219534064771
0.8,0.9,0.8500000000000001,0.584142885436041,0.4187509588709469
0.9,1.0000001,0.95000005,0.8270947588263232,0.7502656957874385
