fpr,tpr,posterior_threshold
0.0,0.0,0.0
0.3157894736842105,0.6720535533166543,0.05
0.4048582995951417,0.7376428426533234,0.1
0.4331983805668016,0.7759145310703901,0.15
0.4574898785425101,0.8022854824531747,0.2
0.5101214574898786,0.8213537088376496,0.25
0.5344129554655871,0.8363648657786192,0.3
0.5506072874493927,0.8480627493407262,0.35
0.5708502024291497,0.8587463655419568,0.4
0.6072874493927125,0.8682128609101359,0.45
0.6356275303643725,0.8772060315099061,0.5
0.6437246963562753,0.8849820812766245,0.55
0.6518218623481782,0.8929609845155183,0.6000000000000001
0.680161943319838,0.9011427412265872,0.65
0.7044534412955465,0.9063493136790858,0.7000000000000001
0.728744939271255,0.9129758604368112,0.75
0.7692307692307693,0.9208871458516464,0.8
0.805668016194332,0.9295422273311243,0.8500000000000001
0.8137651821862348,0.9410372574210562,0.9
0.8340080971659919,0.9545608222327404,0.95
1.0,0.9997295287037664,1.0
